"""Listagem de Autorizações de Produções Audiovisuais no Brasil com Participação de Profissionais Estrangeiros - 2014""";;;;;;;;;;;
;;;;;;;;;;;
"""Número de Autorização de Origem""";Data da Aprovação;"""Número de Técnicos/
Artistas Estrangeiros""";"""Título da Obra""";"""Tipo de Obra""";"""Período Produção""";"""Empresa Brasileira""";"""UF""";"""Empresa Estrangeira""";"""País""";"""Produção""";"""Local de Filmagem (UF)"""
"""1""";03/01/2014;"""4""";"""FACEBOOK STORIES - THE SETREET POET""";"""Publicitária""";"""13/01/2014 a 20/01/2014""";"""Southside Produções Ltda.""";"""SP""";"""Already Alive Ltd.""";"""EUA""";"""Estrangeira""";"""GO/SP"""
"""2""";07/01/2014;"""5""";"""JOHNY IN ORANGE""";"""Documentário""";"""12/02/2014 a 24/02/2014""";"""Moises Zeferino ME""";"""SP""";"""Talpa Producties BV.""";"""Holanda""";"""Estrangeira""";"""RJ"""
"""3""";07/01/2014;"""3""";"""MIRACLE BODY - BRAZIL""";"""Documentário""";"""19/01/2014 a 05/02/2014""";"""Xes Projetos Visuais Ltda""";"""SP""";"""NHK - Japan Broadcasting Co.""";"""Japão""";"""Estrangeira""";"""RJ/SP"""
"""4""";07/01/2014;"""2""";"""GALILEO (""GERMANY MEETS & THE ORANGE JUICE PRODUCTION OF BRAZIL)""";"""Documentário""";"""18/01/2014 a 26/01/2014""";"""Aura Filme Produções Ltda""";"""RJ""";"""Maximus Film GmbH""";"""Alemanha""";"""Estrangeira""";"""RJ/SP"""
"""5""";09/01/2014;"""4""";"""RISE AS ONE MATCH FOR PEACE""";"""Documentário""";"""23/01/2014 a 29/01/2014""";"""Zona de Produção e Comunicação Ltda""";"""BA""";"""Tarras Productions""";"""EUA""";"""Estrangeira""";"""RJ"""
"""6""";09/01/2014;"""4""";"""RIO WC TITLES""";"""Chamadas""";"""22/01/2014 a 28/01/2014""";"""Union Filmes Ltda""";"""PR""";"""ITV Sport""";"""Reino Unido""";"""Estrangeira""";"""RJ"""
"""7""";09/01/2014;"""9""";"""GAP YEAR""";"""Documentário""";"""14/02/2014 a 06/04/2014""";"""Zona de Produção e Comunicação Ltda""";"""BA""";"""RK Productions""";"""Austrália""";"""Estrangeira""";"""AM/RJ"""
"""8""";09/01/2014;"""1""";"""CLEAR LAURA""";"""Publicitária""";"""02/02/2014 a 06/02/2014""";"""Conspiração Filmes Entretenimento 3º Milênio Ltda.""";"""RJ""";""" -""";""" -""";"""Brasileira""";"""RJ"""
"""9""";13/01/2014;"""6""";"""WATERFRONT CITIES OF THE WORLD IV""";"""Documentário""";"""02/02/2014 a 02/04/2014""";"""Embaúba Produções""";"""RJ""";"""DBC2 / Dbcom Media""";"""Canadá""";"""Estrangeira""";"""AM/RJ"""
"""10""";13/01/2014;"""4""";"""VERIZON DOCU-SERIES""";"""Publicitária""";"""15/01/2014 a 15/02/2014""";"""Zohar Cinema e Comunicação Ltda""";"""RJ""";"""RD Independent Productions LLC""";"""EUA""";"""Estrangeira""";"""SP"""
"""11""";13/01/2014;"""2""";"""WE ARE ONE""";"""Videoclipe""";"""20/01/2014 a 05/02/2014""";"""Conspiração Filmes S/A""";"""RJ""";"""Black Dog Films""";"""EUA""";"""Estrangeira""";"""RJ"""
"""12""";14/01/2014;"""18""";"""OFF THE GRID""";"""Documentário""";"""16/01/2014 a 16/03/2014""";"""Francisco Ferreira Pinto Filho (Amazon Film Productions)""";"""AM""";"""Amazon Tv Limited""";"""Reino Unido""";"""Estrangeira""";"""AM/MT/PA/RJ"""
"""13""";14/01/2014;"""2""";"""TOT UND HARRY INTERNATIONAL""";"""Documentário""";"""25/01/2014 A 02/02/2014""";"""Sol Entertainment Ltda""";"""RJ""";"""Sony Pictures Film und Fernseh Produktions GmbH""";"""Alemanha""";"""Estrangeira""";"""PA/RJ"""
"""14""";14/01/2014;"""2""";"""HUMAN""";"""Documentário""";"""03/02/2014 A 21/02/2014""";"""Bonfilm Produção e Distribuição Audiovisual Ltda""";"""RJ""";"""Humankind Production""";"""França""";"""Estrangeira""";"""CE"""
"""15""";15/01/2014;"""3""";"""BIGGER THANK A BANK""";"""Publicitária""";"""20/01/2014 a 30/01/2014""";"""Sweet Produções Ltda""";"""SP""";"""Finch Company""";"""Austrália""";"""Estrangeira""";"""SP"""
"""16""";17/01/2014;"""8""";"""JAPONESES QUE VIVEM EM TERRAS DISTANTES""";"""Documentário""";"""06/02/2014 a 20/02/2014""";"""Urutau Filmes Ltda""";"""SP""";"""Wave Inc. / Keisuke Sawachi""";"""Japão""";"""Estrangeira""";"""RJ"""
"""17""";17/01/2014;"""11""";"""QUEST: THE MOVIE - PARTE II""";"""Documentário""";"""25/02/2014 a 15/03/2014""";"""Neon Rio Ltda""";"""RJ""";"""Quest Unlimited Ltd""";"""Reino Unido""";"""Estrangeira""";"""AM/SP"""
"""18""";21/01/2014;"""2""";"""SOCCER PLANET""";"""Documentário""";"""05/02/2014 a 21/02/2014""";"""Urutau Filmes Ltda""";"""SP""";"""NHK - Enterprises Inc.""";"""Japão""";"""Estrangeira""";"""RJ/SP"""
"""19""";21/01/2014;"""2""";"""VIDEO SAA""";"""Documentário Institucional""";"""11/02/2014 a 13/02/2014""";"""Stadium Pa Áudio e Vídeo Ltda Epp""";"""SP""";"""Paul Anthony Childs Kroeker""";"""Equador""";"""Estrangeira""";"""CE"""
"""20""";21/01/2014;"""5""";"""THE WORLD HERITAGE 4K PREMIUM EDITION""";"""Documentário""";"""05/02/2014 a 20/03/2014""";"""Sango Productions Ltda""";"""SP""";"""TBS Vision Ltda""";"""Japão""";"""Estrangeira""";"""MG/DF/PA/RJ"""
"""21""";21/01/2014;"""2""";"""ENGESSADO/ IS THIS LOVE""";"""Publicitária""";"""15/01/2014 a 21/01/2014""";"""Zulu Filmes Ltda.""";"""SP""";""" -""";""" -""";"""Brasileira""";"""SP"""
"""22""";21/01/2014;"""19""";"""UHD TV""";"""Publicitária""";"""21/01/2014 a 21/02/2014""";"""Zohar Cinema e Comunicação Ltda""";"""RJ""";"""Keystone Films""";"""França""";"""Estrangeira""";"""AM/RJ"""
"""23""";23/01/2014;"""4""";"""PROGRAMA 60 MINUTES""";"""Documentário""";"""14/02/2014 a 28/02/2014""";"""Neon Rio Ltda""";"""RJ""";"""Nine Network Australia""";"""Austrália""";"""Estrangeira""";"""RJ"""
"""24""";23/01/2014;"""2""";"""DER MAINZER STADTSCHREIBER""";"""Documentário""";"""14/02/2014 a 25/02/2014""";"""Sol Entertainment Ltda""";"""RJ""";"""Zweites Deutsches Fernsehen""";"""Alemanha""";"""Estrangeira""";"""PA"""
"""25""";24/01/2014;"""1""";"""DESERTO""";"""Ficção""";"""27/01/2014 a 08/03/2014""";"""Bananeira Filmes Ltda""";"""RJ""";""" -""";""" -""";"""Brasileira""";"""PB"""
"""26""";27/01/2014;"""4""";"""PLANET UFO""";"""Documentário""";"""16/02/2014 a 4/03/2014""";"""Brian M. Sewell Produções Cinematográficas""";"""RJ""";"""Pioneer Productions""";"""Reino Unido""";"""Estrangeira""";"""DF/ PA/ SP"""
"""27""";27/01/2014;"""2""";"""FISHING ADVENTURER / MORDU DE LA PÊCHE""";"""Documentário""";"""16/02/2014 a 07/03/2014""";"""Francisco Ferreira Pinto Filho (Amazon Film Productions)""";"""AM""";"""Fishing Adventurer Productions 4 Inc.""";"""Canadá""";"""Estrangeira""";"""AM"""
"""28""";28/01/2014;"""1""";"""LIFESAVER""";"""Publicitária""";"""06/02/2014 a 17/02/2014""";"""Paranoid Brasil Ltda""";"""SP""";""" -""";""" -""";"""Brasileira""";"""RJ"""
"""29""";29/01/2014;"""2""";"""EIN REISE MIT EINEM STUTTGARTER KABARETTISTEN, DER IN BRASILIEN GEBOREN IST""";"""Documentário""";"""16/02/2014 a 16/03/2014""";"""Sol Entertainment Ltda""";"""RJ""";"""Südwestrundfunk""";"""Alemanha""";"""Estrangeira""";"""AM/MG/PE/RS/SP"""
"""30""";29/01/2014;"""2""";"""WATIKINS GROUP""";"""Documentário""";"""07/03/2014 a 13/03/2014""";"""Aura Filme Produções Ltda""";"""RJ""";"""BenchMark Incentives""";"""Alemanha""";"""Estrangeira""";"""RJ"""
"""31""";30/01/2014;"""2""";"""IBEROSTAR RESORTS""";"""Publicitária""";"""13/02/2014 a 24/02/2014""";"""Davies & Luzzi Ltda/ME""";"""SP""";"""Cuba Film Productions""";"""Canadá""";"""Estrangeira""";"""AM/MG"""
"""32""";30/01/2014;"""12""";"""CAIPIRINHA SUNRISE""";"""Ficção""";"""14/02/2014 a 03/04/2014""";"""Tambellini Filmes""";"""RJ""";"""Redrum S.A de C.V.""";"""México""";"""Estrangeira""";"""RJ/SP"""
"""33""";30/01/2014;"""7""";"""SEKAI NIHONJIN TSUMA WA MITA - O MUNDO SEGUNDO AS JAPONESAS""";"""Documentário""";"""06/02/2014 a 09/03/2014""";"""Xes Projetos Visuais Ltda""";"""SP""";"""IVS Television Corporation""";"""Japão""";"""Estrangeira""";"""RJ/SP"""
"""34""";03/12/2014;"""5""";"""ING WK (THE PRODUCTION)""";"""Publicitária""";"""11/02/2014 a 22/02/2014""";"""CaradeCão Produções Ltda""";"""RJ""";"""Brenninkmeijer & Isaacs BV""";"""Holanda""";"""Estrangeira""";"""RJ"""
"""35""";05/02/2014;"""3""";"""FOOT & BRAIN - O BRASIL NA COPA 2014""";"""Documentário""";"""13/02/2014 a 25/02/2014""";"""Xes Projetos Visuais Ltda""";"""SP""";"""Tv Tokyo Holdings Corporation""";"""Japão""";"""Estrangeira""";"""RJ"""
"""36""";05/02/2014;"""3""";"""NHK ESPECIAL - O FUTURO DA ENERGIA DOS PAÍSES EMERGENTES""";"""Documentário""";"""20/03/2014 a 09/04/2014""";"""Xes Projetos Visuais Ltda""";"""SP""";"""NHK - Japan Broadcasting Corporation""";"""Japão""";"""Estrangeira""";"""ES/RJ/SP"""
"""37""";05/02/2014;"""5""";"""SEKAI ITTEMITARA HONTO HÁ KONNA TOKO DATTA!? - BRASIL PARTE I""";"""Documentário""";"""27/02/2014 a 20/03/2014""";"""BDT Planejamento e Comunicação Ltda""";"""SP""";"""TvBox Inc.""";"""Japão""";"""Estrangeira""";"""MG/MS/MT/PA/PR/RN/RJ/SP"""
"""38""";07/02/2014;"""2""";"""LIEVEN VAN BAELEN""";"""Publicitária""";"""15/02/2014 a 21/02/2014""";"""Sol Entertainment Ltda""";"""RJ""";"""Lander Engels""";"""Bélgica""";"""Estrangeira""";"""RJ"""
"""39""";07/02/2014;"""6""";"""BITTE MELDE DICH""";"""Documentário""";"""21/02/2014 a 04/03/2014""";"""Aura Filme Produções Ltda""";"""RJ""";"""Endemol Deutschland GmbH""";"""Alemanha""";"""Estrangeira""";"""RJ/RS"""
"""40""";07/02/2014;"""22""";"""LILYHAMMER 3""";"""Ficção""";"""06/03/2014 a 19/03/2014""";"""Goritizia Filmes Ltda""";"""RJ""";"""Rubicon Tv As""";"""Noruega""";"""Estrangeira""";"""RJ"""
"""41""";10/02/2014;"""2""";"""NZZ FORMAT""";"""Documentário""";"""03/03/2014 a 14/03/2014""";"""Utopia Films Produção Artística Ltda""";"""RJ""";"""Neu Zurcher Zeiting""";"""Suíça""";"""Estrangeira""";"""RJ"""
"""42""";INUTILIZADO;"""""";"""""";"""""";"""""";"""""";"""""";"""""";"""""";"""""";""""""
"""43""";10/02/2014;"""8""";"""TRIP FLIP""";"""Documentário""";"""24/02/2014 a 01/03/2014""";"""Brian M. Sewell Produções Cinematográficas""";"""RJ""";"""High Noon Productions LLC""";"""EUA""";"""Estrangeira""";"""RJ"""
"""44""";10/02/2014;"""3""";"""THE WORLD FROM ABOVE - BRAZIL""";"""Documentário""";"""25/02/2014 a 08/03/2014""";"""Mango Films Brasil Ltda""";"""SP""";"""Skyworks Ltd.""";"""Reino Unido""";"""Estrangeira""";"""DF/MG/PR/RJ/SP"""
"""45""";11/02/2014;"""1""";"""CONVOCAÇÃO""";"""Publicitária""";"""16/02/2014 a 26/03/2014""";"""Videographica Serviços e Participações Ltda.""";"""SP""";""" -""";""" -""";"""Brasileira""";"""SP"""
"""46""";12/02/2014;"""11""";"""KANDIDAT - REMA 1000""";"""Publicitária""";"""22/02/2014 a 20/03/2014""";"""Ocean Produção de Filmes Ltda""";"""SC""";"""Kandidat""";"""Noruega""";"""Estrangeira""";"""RJ"""
"""47""";12/02/2014;"""3""";"""BMW SÃO PAULO""";"""Publicitária""";"""01/03/2014 a 30/03/2014""";"""Ocean Produção de Filmes Ltda""";"""SC""";"""Radical Media""";"""Alemanha""";"""Estrangeira""";"""SP"""
"""48""";12/02/2014;"""2""";"""HOUSE HUNTERS SÃO PAULO""";"""Documentário""";"""04/03/2014 a 10/03/2014 """;"""Mango Films Brasil Ltda""";"""SP""";"""Leopard Films USA""";"""EUA""";"""Estrangeira""";"""SP"""
"""49""";13/02/2014;"""20""";"""TA BOM""";"""Documentário""";"""26/02/2014 a 16/03/2014""";"""HK Brasil Produtora Midia & Eventos Ltda""";"""SP""";"""PAM Media Co., Ltd""";"""Coréia do Sul""";"""Estrangeira""";"""PR/RJ/RS/SP"""
"""50""";17/02/2014;"""6""";"""FRANK IN BRAZIL""";"""Documentário""";"""24/02/2014 a 05/04/2014""";"""Neon Rio Ltda""";"""RJ""";"""Molinos De Papel Producciones""";"""Espanha""";"""Estrangeira""";"""AM"""
"""51""";17/02/2014;"""3""";"""AS SETE MARAVILHAS DO BRASIL""";"""Documentário""";"""23/02/2014 a 28/03/2014""";"""Viva Filmes Ltda""";"""RJ""";"""Crescent Films""";"""Reino Unido""";"""Estrangeira""";"""AM/MG/RJ/SP"""
"""52""";17/02/2014;"""1""";"""COPA DO MUNDO 2014""";"""Documentário""";"""23/02/2014 a 01/08/2014""";"""Sol Entertainment Ltda""";"""RJ""";"""Zweites Deutsches Fernsehen""";"""Alemanha""";"""Estrangeira""";"""AM/CE/DF/MT/MG/PR/PE/RJ/RN/RS/SP"""
"""53""";18/02/2014;"""4""";"""MC DONALDS""";"""Publicitária""";"""05/03/2014 a 31/03/2014""";"""Planeta Film Ltda""";"""SP""";"""Smuggler""";"""EUA""";"""Estrangeira""";"""RJ"""
"""54""";18/02/2014;"""2""";"""SMS GERMANY - PRODUCTION PLANTS IN BRAZIL""";"""Documentário""";"""09/03/2014 a 02/04/2014""";"""Aura Filme Produções Ltda""";"""RJ""";"""Bachhausen Visual Production GmbH & Co. KG""";"""Alemanha""";"""Estrangeira""";"""MG/PR/SP"""
"""55""";18/02/2014;"""5""";"""SEKAI ITTEMITARA HONTO HA KONNA TOKO DATTA!? - BRASIL PARTE II""";"""Documentário""";"""06/03/2014 a 17/03/2014""";"""BDT Planejamento e Comunicação Ltda""";"""SP""";"""TvBox Inc.""";"""Japão""";"""Estrangeira""";"""PA/PE/PR/RJ/RN/SP"""
"""56""";18/02/2014;"""4""";""",, DIE REIMANNS À KONNY'S WM CHECK""""";"""Documentário""";"""05/03/2014 a 16/03/2014""";"""Sol Entertainment Ltda""";"""RJ""";"""Constantin Entertainment GmbH""";"""Alemanha""";"""Estrangeira""";"""BA/RJ"""
"""57""";18/02/2014;"""2""";"""TOUR DE BRASIL 2""";"""Documentário""";"""19/03/2014 a 03/04/2014""";"""Sol Entertainment Ltda""";"""RJ""";"""Südwestrundfunk""";"""Alemanha""";"""Estrangeira""";"""BA/RJ"""
"""58""";18/02/2014;"""2""";"""CULTURA E FUTEBOL NO BRASIL""";"""Documentário""";"""06/03/2014 a 12/03/2014""";"""Neon Rio Ltda""";"""RJ""";"""Manoto 1/ Marjan TV""";"""Reino Unido""";"""Estrangeira""";"""BA/RJ/SP"""
"""59""";19/02/2014;"""4""";"""ADIDAS SAMBA TOUR""";"""Documentário""";"""22/02/2014 a 28/02/2014""";"""Sol Entertainment Ltda""";"""RJ""";"""ARL HVH Films""";"""França""";"""Estrangeira""";"""RJ"""
"""60""";20/02/2014;"""2""";"""GOL TRIP""";"""Publicitária""";"""14/03/2014 a 20/03/2014""";"""JKR Produções Artísticas Ltda""";"""RJ""";"""Believe Media""";"""EUA""";"""Estrangeira""";"""RJ"""
"""61""";20/02/2014;"""2""";"""TELEVISA WITH MONTSERRAT""";"""Documentário""";"""10/03/2014 a 30/03/2014""";"""Nation & Nação Produções Artísticas Ltda. ME""";"""SP""";"""Televisa""";"""México""";"""Estrangeira""";"""AM/CE/RJ/SP"""
"""62""";20/02/2014;"""3""";"""SHELL INTERNATIONAL """;"""Documentário Institucional""";"""27/02/2014 a 20/05/2014""";"""Utopia Films Produção Artística Ltda""";"""RJ""";"""DSP Ltd.""";"""Reino Unido""";"""Estrangeira""";"""RJ"""
"""63""";20/02/2014;"""8""";"""STRONGBOW""";"""Publicitária""";"""23/02/2014 a 28/02/2014""";"""Mango Films Brasil Ltda""";"""SP""";"""Contented Digital Media""";"""Reino Unido""";"""Estrangeira""";"""RJ"""
"""64""";21/02/2014;"""4""";"""LIEFDE OP Z'N ZUID AMERIKAANS""";"""Documentário""";"""10/03/2014 a 18/03/2014""";"""L&P Produção de Filmes e Vídeo Ltda""";"""BA""";"""Beeman Productions""";"""Nicarágua""";"""Estrangeira""";"""BA"""
"""65""";25/02/2014;"""2""";"""SCIENCE MYSTERY""";"""Documentário""";"""28/02/2014 a 20/03/2014""";"""Town Network Filmagens Ltda""";"""SP""";"""Oi Corporation Ltd.""";"""Japão""";"""Estrangeira""";"""CE"""
"""66""";25/02/2014;"""4""";"""THIS MORNING""";"""Documentário""";"""16/03/2014 a 24/03/2014""";"""Utopia Films Produção Artística Ltda""";"""RJ""";"""ITV Studios Limited""";"""Reino Unido""";"""Estrangeira""";"""PR/RJ"""
"""67""";26/02/2014;"""1""";"""SUPERSPORT WORLD CUP""";"""Publicitária""";"""05/03/2014 a 09/03/2014""";"""Utopia Films Produção Artística Ltda""";"""RJ""";"""Seven Films""";"""África do Sul""";"""Estrangeira""";"""RJ"""
"""68""";26/02/2014;"""5""";"""GURUTO BRASIL 5500KM PELAS CIDADES PORTUÁRIAS BRASILEIRAS""";"""Documentário""";"""08/03/2014 a 06/05/2014""";"""Xes Projetos Visuais Ltda""";"""SP""";"""Temjin Co. Ltd.""";"""Japão""";"""Estrangeira""";"""AL/AM/BA/CE/ES/MA/PA/PE/RJ"""
"""69""";27/02/2014;"""3""";"""24 HOURS IN RIO""";"""Publicitária""";"""16/02/2014 a 05/03/2014""";"""Ocean Produção de Filmes Ltda""";"""SC""";"""Blur Producciones S.L.""";"""Espanha""";"""Estrangeira""";"""RJ"""
"""70""";27/02/2014;"""5""";"""NEWS PROGRAM FROM BRAZIL""";"""Documentário""";"""17/03/2014 a 06/04/2014""";"""Sol Entertainment Ltda""";"""RJ""";"""Danish Broadcasting Corp. (DR)""";"""Dinamarca""";"""Estrangeira""";"""BA/DF/RJ"""
"""71""";27/02/2014;"""5""";"""HITACHI PV""";"""Cobertura de Evento""";"""09/03/2014 a 16/03/2014""";"""WaSabi JB Comunicação Ltda""";"""RJ""";"""Max Contact Co. Ltd.""";"""Japão""";"""Estrangeira""";"""SP"""
"""72""";28/02/2014;"""36""";"""LEI DA SELVA""";"""Reality Show""";"""10/03/2014 a 27/03/2014""";"""HK Brasil Produtora Midia & Eventos Ltda""";"""SP""";"""SBS - Seoul Broadcasting System""";"""Coréia do Sul""";"""Estrangeira""";"""AM/MA/MS/SP"""
"""73""";05/03/2014;"""1""";"""VIAGEM GASTRONÔMICA""";"""Documentário""";"""13/03/2014 a 30/05/2014""";"""Ioio Produções Cinematográficas Eireli""";"""SP""";""" -""";""" -""";"""Brasileira""";"""AM/BA/CE/DF/MT/PA/RN/RS/SP"""
"""74""";05/03/2014;"""4""";"""BACK TO BEAUTIFUL""";"""Documentário""";"""10/03/2014 a 02/04/2014""";"""Neon Rio Ltda""";"""RJ""";"""Gundog Media Limited.""";"""Reino Unido""";"""Estrangeira""";"""RJ"""
"""75""";05/03/2014;"""2""";"""BRUXELLES-RIO EXPRESS""";"""Documentário""";"""25/03/2014 a 03/04/2014""";"""Sol Entertainment Ltda""";"""RJ""";"""RTL-TVI""";"""Bélgica""";"""Estrangeira""";"""RJ"""
"""76""";07/03/2014;"""1""";"""NOTÍCIA QUE SE ESPALHA""";"""Publicitária""";"""06/06/2014 a 09/06/2014""";"""Matrec Produções Cinematográficas Ltda.""";"""SP""";""" -""";""" -""";"""Brasileira""";"""SP"""
"""77""";07/03/2014;"""1""";"""BBC WORL CUP""";"""Institucional""";"""16/03/2014 a 23/03/2014""";"""Mr. Pixel Filmes Ltda.""";"""SP""";"""Red Bee Media Limited""";"""Reino Unido""";"""Estrangeira""";"""RJ"""
"""78""";10/03/2014;"""2""";"""SKY MOVIES RIO 2 TV""";"""Documentário""";"""16/03/2014 a 18/03/2014""";"""AVIVA - Serviços de Produção Cinematográfica e Videofonográfica Ltda.""";"""PA""";"""Global Media Desk""";"""EUA""";"""Estrangeira""";"""AM"""
"""79""";10/03/2014;"""2""";"""MILK""";"""Documentário""";"""25/03/2014 a 23/04/2014""";"""Sol Entertainment Ltda""";"""RJ""";"""2221607 Ontario Limited""";"""Canadá""";"""Estrangeira""";"""DF/GO/PA/SP"""
"""80""";10/03/2014;"""2""";"""OS MISTÉRIOS DA AMAZÔNIA""";"""Documentário""";"""18/03/2014 a 20/04/2014""";"""Urutau Filmes Ltda""";"""SP""";"""NHK - Nippon Hoso Kyokai""";"""Japão""";"""Estrangeira""";"""AM/AP/RO"""
"""81""";10/03/2014;"""2""";""",, THE HUMAN TOUCH'' (WT)""";"""Documentário""";"""31/03/2014 a 06/04/2014""";"""Sol Entertainment Ltda""";"""RJ""";"""Filmpunkt GmbH""";"""Alemanha""";"""Estrangeira""";"""MG/SP"""
"""82""";11/03/2014;"""4""";"""URBAN AMAZONE""";"""Documentário""";"""15/03/2014 a 25/03/2014""";"""Jorge Felipe Henry""";"""SP""";"""Berenice Production""";"""França""";"""Estrangeira""";"""SP"""
"""83""";12/03/2014;"""5""";"""THE OTHER WORLD CUP""";"""Documentário""";"""23/03/2014 a 07/04/2014""";"""Union Filmes Ltda""";"""PR""";"""Watershed TV""";"""Reino Unido""";"""Estrangeira""";"""RJ"""
"""84""";12/03/2014;"""3""";"""MOBOROSHI NO SOKOKU BRASIL""";"""Documentário""";"""28/03/2014 a 25/05/2014""";"""Town Network Filmagens Ltda""";"""SP""";"""Temjin TV Production""";"""Japão""";"""Estrangeira""";"""PR/SP"""
"""85""";12/03/2014;"""8""";"""SAKARA IN BRAZIL: THE ORIGIN OF MMA""";"""Documentário""";"""20/03/2014 a 20/04/2014""";"""Cinema Contágio Produção Audiovisual Ltda""";"""RJ""";"""Red Carpet Sport & Management""";"""Itália""";"""Estrangeira""";"""RJ"""
"""86""";13/03/2014;"""6""";"""LUGARES VAZIOS""";"""Publicitária""";"""18/03/2014 a 18/04/2014""";"""Paranoid Brasil Ltda""";"""SP""";""" -""";""" -""";"""Brasileira""";"""SP"""
"""87""";14/03/2014;"""5""";"""MAYA JAMA'S WORLD CUP CITIES""";"""Documentário""";"""16/03/2014 a 14/04/2014""";"""Big Bonsai Brasilis Ltda.""";"""SP""";"""Big Balls Films""";"""Reino Unido""";"""Estrangeira""";"""AM/CE/DF/MS/MG/PR/PE/RJ/RN/RS/SP"""
"""88""";14/03/2014;"""4""";"""WORLD CUP BRAZIL""";"""Publicitária""";"""08/04/2014 a 20/04/2014""";"""JKR Produções Artísticas Ltda""";"""RJ""";"""Caviar Amsterdan""";"""Holanda""";"""Estrangeira""";"""RJ"""
"""89""";14/03/2014;"""1""";"""DUETO""";"""Publicitária""";"""02/04/2014 a 28/04/2014""";"""Paranoid Brasil Ltda""";"""SP""";""" -""";""" -""";"""Brasileira""";"""SP"""
"""90""";17/03/2014;"""4""";"""KUMON GLOBAL""";"""Institucional""";"""06/04/2014 a 13/04/2014""";"""Master Cine Vídeo Ltda""";"""SP""";"""FIX Co., Ltd..""";"""Japão""";"""Estrangeira""";"""SP"""
"""91""";17/03/2014;"""3""";"""BAH""";"""Publicitária""";"""20/03/2014 a 10/04/2014""";"""Ocean Produção de Filmes Ltda""";"""SC""";"""Filmagaus Wien Universa GmbH""";"""Alemanha""";"""Estrangeira""";"""RJ"""
"""92""";17/03/2014;"""7""";"""N&A""";"""Reality Show""";"""11/05/2014 a 07/06/2014""";"""Neon Rio Ltda""";"""RJ""";"""Battle Beat Productions""";"""EUA""";"""Estrangeira""";"""MA"""
"""93""";17/03/2014;"""4""";"""SAMSUNG SOCCER""";"""Publicitária""";"""16/04/2014 a 26/04/2014""";"""Ricardo Gonçalves Produções Cinematográficas""";"""SP""";"""Vagabond Films""";"""EUA""";"""Estrangeira""";"""RJ"""
"""94""";17/03/2014;"""3""";"""SEKAINO KAIDOU O YUKU""";"""Documentário""";"""30/03/2014 a 23/04/2014""";"""Urutau Filmes Ltda""";"""SP""";"""Telecom Staff Inc.""";"""Japão""";"""Estrangeira""";"""DF/MG/RJ/SP"""
"""95""";18/03/2014;"""3""";"""SCHOOL LIKE NO OTHERS""";"""Documentário""";"""04/04/2014 a 09/04/2014""";"""Utopia Films Produção Artística Ltda""";"""RJ""";"""Eureka Productions""";"""Canadá""";"""Estrangeira""";"""SP"""
"""96""";18/03/2014;"""2""";"""SISGRAPH""";"""Institucional""";"""27/03/2014 a 06/04/2014""";"""Ricardo Gonçalves Produções Cinematográficas""";"""SP""";"""Cramer Productions Inc""";"""EUA""";"""Estrangeira""";"""RJ"""
"""97""";18/03/2014;"""20""";"""ESPEDIÇÃO PELA SNS, PRIMEIRA PARTE: BRASIL""";"""Reality Show""";"""25/03/2014 a 09/04/2014""";"""Aura Filme Produções Ltda""";"""RJ""";"""SBS""";"""Coréia do Sul""";"""Estrangeira""";"""AM/BA/PR/RJ/RS/SP"""
"""98""";19/03/2014;"""3""";""",,HALLO DEUTSCHLAND - AUTNAH BRASILIEN""""";"""Documentário""";"""25/03/2014 a 10/04/2014""";"""Aura Filme Produções Ltda""";"""RJ""";"""ZDF - Zweites Deutsches Fernsehen""";"""Alemanha""";"""Estrangeira""";"""BA/PE/RJ"""
"""99""";20/03/2014;"""8""";"""BACH NO BRASIL""";"""Ficção""";"""30/03/2014 a 05/06/2014""";"""Conspiração Filmes Entretenimento 3º Milênio Ltda.""";"""RJ""";"""Forseesense""";"""Alemanha""";"""Estrangeira""";"""MG"""
"""100""";20/03/2014;"""1""";"""TEMPLO DAS EMOÇÕES - O ESTÁGIO DO MARACANÃ NO RIO DE JANEIRO""";"""Documentário""";"""05/04/2014 a 05/07/2014""";"""Tambke Filmes Ltda (Plural Filmes)""";"""RJ""";"""Bildersturn Filmproduktion GmbH""";"""Alemanha""";"""Estrangeira""";"""RJ"""
"""101""";21/03/2014;"""4""";"""ASAHI GLASS NOS ESTÁDIOS BRASILEIROS""";"""Documentário""";"""20/04/2014 a 15/07/2014""";"""Town Network Filmagens Ltda""";"""SP""";"""NHK Global Media Services, Inc.""";"""Japão""";"""Estrangeira""";"""RJ/SP"""
"""102""";21/03/2014;"""3""";"""BEING GEORGE CLOONEY""";"""Documentário""";"""29/03/2014 a 11/04/2014""";"""FSR Produções Artísticas Ltda""";"""RJ""";"""Gravitas Docufilms""";"""EUA""";"""Estrangeira""";"""RJ"""
"""103""";24/03/2014;"""3""";"""BITTE MELDE DICH - EXTRAS""";"""Documentário""";"""01/04/2014 a 05/04/2014""";"""Aura Filme Produções Ltda""";"""RJ""";"""Endemol Deutschalnd GmbH""";"""Alemanha""";"""Estrangeira""";"""RS"""
"""104""";24/03/2014;"""3""";"""ESTREITO DE BREVES""";"""Documentário""";"""02/04/2014 a 09/04/2014""";"""Aura Filme Produções Ltda""";"""RJ""";"""Maximus Film GmbH""";"""Alemanha""";"""Estrangeira""";"""PA"""
"""105""";24/03/2014;"""2""";"""ONCE UPON A TIME IN ROCINHA""";"""Documentário""";"""01/04/2014 a 25/04/2014""";"""Connection Filmes e Produções Artísticas Ltda""";"""RJ""";"""TVE""";"""Reino Unido""";"""Estrangeira""";"""RJ"""
"""106""";24/03/2014;"""4""";"""BT SUPPORTERS CLUB FILMS""";"""Documentário""";"""26/03/2014 a 03/04/2014""";"""Connection Filmes e Produções Artísticas Ltda""";"""RJ""";"""Here We Go Films""";"""Reino Unido""";"""Estrangeira""";"""RJ"""
"""107""";24/03/2014;"""2""";"""FIGHT FOR LIFE""";"""Documentário""";"""14/04/2014 a  26/04/2014""";"""Sol Entertainment Ltda""";"""RJ""";"""Danish Broadcasting Corp.""";"""Dinamarca""";"""Estrangeira""";"""GO"""
"""108""";24/03/2014;"""4""";"""CRISPY BRAND""";"""Documentário""";"""25/03/2014 a 20/04/2014""";"""Connection Filmes e Produções Artísticas Ltda""";"""RJ""";"""Swerve Entertainment""";"""Emirados Árabes""";"""Estrangeira""";"""RJ"""
"""109""";24/03/2014;"""4""";"""HAMBURG SÜD FILME IMAGEM""";"""Documentário""";"""18/04/2014 a 25/04/2014""";"""Sol Entertainment Ltda""";"""RJ""";"""Hamburg Suedamerikanische Dampfschiffahrts-Gesellschaft""";"""Alemanha""";"""Estrangeira""";"""PR/SC"""
"""110""";25/03/2014;"""5""";"""LH-MAGAZIN/BRASILIEN""";"""Documentário""";"""02/04/2014 a 12/04/2014""";"""Sol Entertainment Ltda""";"""RJ""";"""G+J Corporate Editors GmbH""";"""Alemanha""";"""Estrangeira""";"""PR/RJ/SP"""
"""111""";25/03/2014;"""6""";"""BUREAU SPORT""";"""Programa de Entrevistas""";"""17/04/2014 a 28/04/2014""";"""Brian M. Sewell Produções Cinematográficas""";"""RJ""";"""The Media Brothers""";"""Holanda""";"""Estrangeira""";"""MG/RJ"""
"""112""";26/03/2014;"""2""";"""DIVÃ 2""";"""Ficção""";"""28/03/2014 a 15/05/2014""";"""Total Entertainment Ltda""";"""RJ""";"""Aleph Media AS""";"""Argentina""";"""Estrangeira""";"""RJ"""
"""113""";26/03/2014;"""13""";"""BRASIL X JAPÃO EM DRIBLES E EMBAIXADINHAS""";"""Documentário""";"""12/04/2014 a 24/04/2014""";"""Alfixit Produções Culturais e Artísticas Ltda""";"""SP""";"""TYO Productions""";"""Japão""";"""Estrangeira""";"""SP"""
"""114""";26/03/2014;"""6""";"""DON'T DRIVE HERE - 2ª TEMPORADA""";"""Documentário""";"""02/05/2014 a 14/05/2014""";"""Leonardo Henrique Pereira Branco""";"""SP""";"""CC II Productions Inc.""";"""Canadá""";"""Estrangeira""";"""SP"""
"""115""";27/03/2014;"""2""";"""LIFESTYLE""";"""Banco de Imagens""";"""13/04/2014 a 04/05/2014""";"""Sol Entertainment Ltda""";"""RJ""";"""Funnelbox Production Studios""";"""EUA""";"""Estrangeira""";"""RJ"""
"""116""";27/03/2014;"""3""";"""WHAT IS EXPERIAN""";"""Institucional""";"""06/04/2014 a 10/04/2014""";"""Revival Company Ltda""";"""SP""";"""Viewfinder UK""";"""Reino Unido""";"""Estrangeira""";"""SP"""
"""117""";31/03/2014;"""138""";"""GO BRAZIL GOAL""";"""Documentário""";"""15/04/2014 a 20/07/2014""";"""Town Network Filmagens Ltda""";"""SP""";"""Beijing Zgengnneng Culture Development Company Lts.""";"""China""";"""Estrangeira""";"""AM/BA/CE/DF/MT/MG/PA/PE/RJ/RN/RS/SP"""
"""118""";31/03/2014;"""5""";"""FIAT MONDIALI""";"""Publicitária""";"""20/03/2014 a 11/04/2014""";"""Zohar Cinema e Comunicação Ltda""";"""RJ""";"""Mercurio Cinematográfica""";"""Itália""";"""Estrangeira""";"""RJ"""
"""119""";31/03/2014;"""1""";"""LIFE IN BRAZIL""";"""Documentário""";"""04/04/2014 a 23/04/2014""";"""Sol Entertainment Ltda""";"""RJ""";"""SRF Swiss National TV""";"""Suíça""";"""Estrangeira""";"""AM/RJ/SP"""
"""120""";31/03/2014;"""4""";"""BEGEGNUNG MIT BRASILIEN""";"""Documentário""";"""20/04/2014 a 06/05/2014""";"""Sol Entertainment Ltda""";"""RJ""";"""Beckground Tv GbmH""";"""Alemanha""";"""Estrangeira""";"""AM/RJ/SP"""
"""121""";31/03/2014;"""3""";"""MODELAGENTURCHEFIN LOUISA""";"""Documentário""";"""14/04/2014 a 18/04/2014""";"""Aura Filme Produções Ltda""";"""RJ""";"""InfoNetwork""";"""Alemanha""";"""Estrangeira""";"""RJ/SP"""
"""122""";01/04/2014;"""3""";"""SEKAI HOT JOURNAL""";"""Programa de Notícias""";"""18/04/2014 a 07/05/2014""";"""Xes Projetos Visuais Ltda""";"""SP""";"""Staff Labb Co. Ltd.""";"""Japão""";"""Estrangeira""";"""MG/RJ/SP"""
"""123""";01/04/2014;"""4""";"""BLOCK WORKOUT""";"""Reality Show""";"""04/04/2014 a 13/04/2014""";"""Leonardo Henrique Pereira Branco""";"""SP""";"""C-Saw Media ZA""";"""África do Sul""";"""Estrangeira""";"""RJ"""
"""124""";03/04/2014;"""2""";"""UNTO ALL THE WORLD: THE MINISTRY IN BRAZIL""";"""Documentário Institucional""";"""14/05/2014 a 26/05/2014""";"""Leonardo Henrique Pereira Branco""";"""SP""";"""Corporation of the Presiding Bishop of the Church of Jesus Christ of Latter-Day Saints""";"""EUA""";"""Estrangeira""";"""CE/DF/PA/PE/SP"""
"""125""";03/04/2014;"""3""";"""CRAZY JOBS""";"""Reality Show""";"""16/04/2014 a 23/04/2014""";"""Sol Entertainment Ltda""";"""RJ""";"""Story House Productions GmbH""";"""Alemanha""";"""Estrangeira""";"""RJ"""
"""126""";04/04/2014;"""3""";"""ADENÍSIA - BAUERFEIND""";"""Documentário""";"""11/04/2014 A 16/04/2014""";"""Primitivo Produção de Vídeo e Filmes Ltda""";"""SP""";"""Lanterna Mágica Filmproduktion GmbH""";"""Alemanha""";"""Estrangeira""";"""SP"""
"""127""";04/04/2014;"""4""";"""UDON - KEN JAPAN""";"""Documentário""";"""14/04/2014 a 17/04/2014""";"""Business & Arts Filmes Ltda""";"""SP""";"""RKS Sanyo Broadcasting Co. Ltd.""";"""Japão""";"""Estrangeira""";"""PR/SP"""
"""128""";07/04/2014;"""19""";"""GRANDE AVENTURA""";"""Documentário""";"""24/04/2014 a 01/05/2014""";"""HK Brasil Produtora Midia & Eventos Ltda""";"""SP""";"""SM Culture & Contents Co. Ltd.""";"""Coréia do Sul""";"""Estrangeira""";"""RJ"""
"""129""";07/04/2014;"""3""";""",, FOOTBALL STADIUM''""";"""Documentário""";"""14/04/2014 a 24/04/2014""";"""Sol Entertainment Ltda""";"""RJ""";"""NOS Sport TV""";"""Holanda""";"""Estrangeira""";"""RJ/RS/SP"""
"""130""";08/04/2014;"""6""";"""DAi AMAZON TANSUI SUIZOKUKAN""";"""Documentário""";"""05/05/2014 a 23/05/2014""";"""BDT Planejamento e Comunicação Ltda""";"""SP""";"""Den-Em Kobo D'Z Ltd""";"""Japão""";"""Estrangeira""";"""AM/PA"""
"""131""";10/04/2014;"""1""";"""PALMOLIVE RODA DE SAMBA""";"""Publicitária""";"""20/04/2014 a 24/04/2014""";"""Conspiração Filmes Entretenimento 3º Milênio Ltda.""";"""RJ""";""" -""";""" -""";"""Brasileira""";"""RJ"""
"""132""";10/04/2014;"""2""";"""SERGIO ECHIGO & YOSHINO ANA NO SOCCER OKOKU BRAZIL TABI""";"""Ficção""";"""23/04/2014 a 06/05/2014""";"""WaSabi JB Comunicação Ltda""";"""RJ""";"""Tv Asahi Corporation""";"""Japão""";"""Estrangeira""";"""PR/RJ/SP"""
"""133""";10/04/2014;"""2""";"""VERMIST""";"""Documentário""";"""27/04/2014 a 05/05/2014""";"""Mares Produções Ltda""";"""RJ""";"""Tros Broadcasting Company""";"""Holanda""";"""Estrangeira""";"""PE/PR/SP"""
"""134""";10/04/2014;"""1""";"""SKATISTAS""";"""Documentário""";"""19/04/2014 a 03/05/2014""";"""Neon Rio Ltda""";"""RJ""";"""Shadowplay Films""";"""Bélgica""";"""Estrangeira""";"""RJ/SP"""
"""135""";11/04/2014;"""2""";"""HOUSE HUNTERS EM SÃO PAULO II""";"""Documentário""";"""22/04/2014 a 28/04/2014""";"""Mango Films Brasil Ltda""";"""SP""";"""Leopard Films""";"""EUA""";"""Estrangeira""";"""SP"""
"""136""";11/04/2014;"""2""";"""MY BRAZIL""";"""Publicitária""";"""15/04/2014 a 20/05/2014""";"""Ocean Produção de Filmes Ltda""";"""SC""";"""Caviar Content""";"""EUA""";"""Estrangeira""";"""RJ"""
"""137""";11/04/2014;"""11""";"""""SOARIN AROUND THE WORLD"" REALIZAÇÃO DE FILMAGEM PARA DOCUMENTÁRIO EM FOZ DO IGUAÇU""";"""Documentário""";"""18/08/2014 a 10/09/2014""";"""Francisco Ramalho Junior Filmes Ltda (Ramalho Filmes)""";"""SP""";"""CDI Virtual Films Inc.""";"""EUA""";"""Estrangeira""";"""PR"""
"""138""";14/04/2014;"""9""";"""VW BRAZIL""";"""Programa de Variedades""";"""23/04/2014 a 16/05/2014""";"""Sol Entertainment Ltda""";"""RJ""";"""MHoch4 GbmH & CO. KG.""";"""Alemanha""";"""Estrangeira""";"""RJ/SP"""
"""139""";16/04/2014;"""5""";"""HUMAN THE MOVIE (HUMANOS - O FILME)""";"""Documentário""";"""20/05/2014 a 15/06/2014""";"""Neon Rio Ltda""";"""RJ""";"""Humankind Production""";"""França""";"""Estrangeira""";"""MA"""
"""140""";16/04/2014;"""4""";"""REAL SPORT""";"""Documentário""";"""21/04/2014 a 28/04/2014""";"""Connection Filmes e Produções Artísticas LTDA""";"""RJ""";"""HBO Sports""";"""EUA""";"""Estrangeira""";"""AM/RJ/SP"""
"""141""";17/04/2014;"""3""";"""PUNKT 12""";"""Programa de Notícias""";"""29/04/2014 a 12/05/2014""";"""Aura Filme Produções Ltda""";"""RJ""";"""InfoNetwork""";"""Alemanha""";"""Estrangeira""";"""RJ/SC"""
"""142""";17/04/2014;"""5""";"""DISCOVERY JAPAN""";"""Documentário""";"""06/05/2014 a 17/05/2014""";"""Urutau Filmes Ltda""";"""SP""";"""V Vision Studio""";"""Japão""";"""Estrangeira""";"""MG/RJ/SP"""
"""143""";17/04/2014;"""1""";"""SUNDAY BIG VARIETY - NIPPON DAYOH, OKKASAN""";"""Documentário""";"""30/04/2014 a 07/05/2014""";"""Xes Projetos Visuais Ltda""";"""SP""";"""Tokyo Tyranosaurus""";"""Japão""";"""Estrangeira""";"""SP"""
"""005/AIN""";24/04/2014;"""Cancelamento do Ofício 128""";"""""";"""""";"""""";"""""";"""""";"""""";"""""";"""""";""""""
"""006/AIN""";24/04/2014;"""Cancelamento do Ofício 136""";"""""";"""""";"""""";"""""";"""""";"""""";"""""";"""""";""""""
"""007/AIN""";24/04/2014;"""5""";"""FIFA WORLD CUP TITLES""";"""Sequência de Títulos""";"""01/05/2014 a 09/05/2014""";"""FSR Produções Artísticas Ltda""";"""RJ""";"""BBC Sport""";"""Reino Unido""";"""Estrangeira""";"""RJ"""
"""008/AIN""";25/04/2014;"""1""";"""TIMELAPSE""";"""Publicitária""";"""29/04/2014 a 03/05/2014""";"""RPJ Produtores Associados""";"""SP""";""" -""";""" -""";"""Brasileira""";"""SP"""
"""009/AIN""";25/04/2014;"""6""";"""ZOOM""";"""Ficção""";"""05/05/2014 a 30/09/2014""";"""O2 Cinema Ltda""";"""SP""";"""Rhombus Media Inc.""";"""Canadá""";"""Estrangeira""";"""SP"""
"""011/AIN""";25/04/2014;"""5""";"""STRONGBOW - RIO CHALLENGE""";"""Documentário""";"""02/05/2014 a 11/05/2014""";"""Brian M. Sewell Produções Cinematográficas""";"""RJ""";"""Contented Digital Media""";"""Reino Unido""";"""Estrangeira""";"""RJ"""
"""012/AIN""";25/04/2014;"""Inclusão de 01 profissional""";"""GO BRAZIL GOAL""";"""Documentário""";"""15/04/2014 a 20/07/2014""";"""Town Network Filmagens Ltda""";"""SP""";"""Beijing Zgengnneng Culture Development Company Lts.""";"""China""";"""Estrangeira""";"""AM/BA/CE/DF/MT/MG/PA/PE/RJ/RN/RS/SP"""
"""012-1""";05/05/2014;"""Inclusão de 02 profissionais""";"""GO BRAZIL GOAL""";"""Documentário""";"""15/04/2014 a 20/07/2014""";"""Town Network Filmagens Ltda""";"""SP""";"""Beijing Zgengnneng Culture Development Company Lts.""";"""China""";"""Estrangeira""";"""AM/BA/CE/DF/MT/MG/PA/PE/RJ/RN/RS/SP"""
"""012-2""";06/04/2014;"""Cancelamento do Ofício""";"""""";"""""";"""""";"""""";"""""";"""""";"""""";"""""";""""""
"""013/AIN""";28/04/2014;"""1""";"""DUPONT MINI DOC""";"""Documentário""";"""04/05/2014 a 07/05/2014""";"""Parasol Broadcast - RB Produção Cinematográfica""";"""RJ""";"""Two Four Digital Limited""";"""Reino Unido""";"""Estrangeira""";"""RJ"""
"""014/AIN""";28/04/2014;"""3""";"""CHEFS BRAZIL - UNILEVER""";"""Institucional""";"""05/05/2014 a 07/05/2014""";"""Story Produções Ltda. ME""";"""SP""";"""VCCP KIN""";"""Reino Unido""";"""Estrangeira""";"""SP"""
"""015/AIN""";28/04/2014;"""5""";"""SEKAI SUMMER RESORT - BRASIL""";"""Documentário""";"""13/05/2014 a 23/05/2014""";"""Fundação Fórmula Cultural""";"""SP""";"""G-YAMA INC.""";"""Japão""";"""Estrangeira""";"""SP"""
"""017/AIN """;29/04/2014;"""4""";"""TURNE IN BRAZIL""";"""Documentário""";"""05/05/2014 a 13/05/2014""";"""Neon Rio Ltda""";"""RJ""";"""Fulwell 73 Production""";"""Reino Unido""";"""Estrangeira""";"""RJ/SP"""
"""017-1/AIN""";30/04/2014;"""Cancelamento do Ofício""";"""""";"""""";"""""";"""""";"""""";"""""";"""""";"""""";""""""
"""018/AIN""";29/04/2014;"""3""";"""BRAZIL""";"""Publicitária""";"""20/05/2014 a 15/06/2014""";"""JKR Produções Artísticas Ltda""";"""RJ""";"""COMRAD""";"""Holanda""";"""Estrangeira""";"""RJ"""
"""020/AIN""";30/04/2014;"""2""";"""HÍBRIDOS""";"""Documentário""";"""25/05/2014 a 25/09/2014""";"""Samba Filmes Ltda""";"""RJ""";""" -""";""" -""";"""Brasileira""";"""AC/AM/BA/DF/GO/MA/MG/RJ/RN/SP"""
"""021/AIN""";05/05/2014;"""1""";"""BEATS BY DRE""";"""Publicitária""";"""06/05/2014 a 20/05/2014""";"""Ocean Produção de Filmes Ltda""";"""SC""";"""Czar Film GmbH""";"""Alemanha""";"""Estrangeira""";"""RJ"""
"""022/AIN""";05/05/2014;"""6""";"""VELO DO BRASIL""";"""Documentário""";"""15/05/2014 a 13/07/2014""";"""Focus Films Ltda""";"""RJ""";"""PLAYPROD S.A.R.L.""";"""França""";"""Estrangeira""";"""BA/CE/ES/MA/PA/PE/RJ"""
"""023/AIN""";06/05/2014;"""4""";"""PROMO CLIP ONE DIRECTION""";"""Documentário""";"""06/05/2014 a 14/05/2014""";"""Embaúba Produções""";"""RJ""";"""Fullwell 73 Productions""";"""Reino Unido""";"""Estrangeira""";"""RJ/SP"""
"""024/AIN""";06/05/2014;"""3""";"""BRAZIL 2014 - HISTÓRIAS DAS RUAS""";"""Documentário""";"""12/05/2014 a 19/05/2014""";"""Viva Filmes Ltda""";"""RJ""";"""BBC New Broadcasting House""";"""Reino Unido""";"""Estrangeira""";"""CE/SP"""
"""025/AIN""";07/05/2014;"""6""";"""COPPER""";"""Publicitária""";"""07/05/2014 a 22/05/2014""";"""Zohar Cinema e Comunicação Ltda""";"""RJ""";"""Park Pictures NY""";"""EUA""";"""Estrangeira""";"""RJ"""
"""026/AIN""";08/05/2014;"""6""";"""EDUCATING JOEY ESSEX""";"""Documentário""";"""14/05/2014 a 22/05/2014""";"""Neon Rio Ltda""";"""RJ""";"""Lime Pictures Limited""";"""Reino Unido""";"""Estrangeira""";"""RJ/PR/SP"""
"""029/AIN""";09/05/2014;"""4""";"""SHARE""";"""Publicitária""";"""21/05/2014 a 27/05/2014""";"""Delicatessen Produção de Filmes Ltda""";"""SP""";"""Philote Factory Inc,/ TYO Inc. - MONSTER Division""";"""Japão""";"""Estrangeira""";"""SP"""
"""030/AIN""";09/05/2014;"""2""";"""LOGO!""";"""Documentário""";"""14/05/2014 a 26/05/2014""";"""Sol Entertainment Ltda""";"""RJ""";"""Zweites Deutsches Fernsehen""";"""Alemanha""";"""Estrangeira""";"""RJ/SP"""
"""032/AIN""";12/05/2014;"""1""";"""WORLD CUP HELMET""";"""Publicitária""";"""15/05/2014 a 06/06/2014""";"""Ocean Produção de Filmes Ltda""";"""SC""";"""The Directors Bureau""";"""EUA""";"""Estrangeira""";"""RJ/SP"""
"""033/AIN""";12/05/2014;"""1""";"""TRÊS GERAÇÕES DE UMA FAMÍLIA NIKKEI NO BRASIL""";"""Documentário""";"""15/05/2014 a 24/05/2014""";"""Xes Projetos Visuais Ltda""";"""SP""";"""TBS - Tokyo Broadcasting System Television, Inc.""";"""Japão""";"""Estrangeira""";"""SP"""
"""034/AIN""";13/05/2014;"""7""";"""RIO HEAT""";"""Ficção""";"""01/06/2014 a 10/04/2015""";"""Filmes do Serro Ltda""";"""RJ""";"""Canazil Entertainment Goup Inc.""";"""Canadá""";"""Estrangeira""";"""RJ"""
"""036/AIN""";14/05/2014;"""38""";"""COOL KIDS ON THE BLOCK""";"""Documentário""";"""28/05/2014 a 02/06/2014""";"""HK Brasil Produtora Midia & Eventos Ltda""";"""SP""";"""Korean Broadcasting System""";"""Coréia do Sul""";"""Estrangeira""";"""SP"""
"""037/AIN""";14/05/2014;"""4""";"""PIXOTE1S GAME""";"""Documentário""";"""18/05/2014 a 13/05/2014""";"""Elimar Produções Artísticas Ltda""";"""RJ""";"""40Acres & A Mule Filmeworks""";"""EUA""";"""Estrangeira""";"""RJ"""
"""038/AIN""";15/05/2014;"""2""";"""KIKA-KINDERKANAL""";"""Documentário""";"""22/05/2014 a 28/05/2014""";"""Aura Filme Produções Ltda""";"""RJ""";"""E+U TV Film-u Fersehproduktion""";"""Alemanha""";"""Estrangeira""";"""RJ"""
"""039/AIN """;15/05/2014;"""2""";"""DIDI BABY CREAM""";"""Publicitária""";"""26/05/2014 a 15/06/2014""";"""Ricardo Gonçalves Produções Cinematográficas""";"""SP""";"""CDI Virtual Films Inc.""";"""EUA""";"""Estrangeira""";"""SP"""
"""040/AIN""";16/05/2014;"""1""";"""IMAGEFILM""";"""Vídeo Corporativo""";"""18/05/2014 a 22/05/2014""";"""Ricardo Gonçalves Produções Cinematográficas""";"""SP""";"""Fabrikfilms GmbH""";"""Alemanha""";"""Estrangeira""";"""SP"""
"""042/AIN""";16/05/2014;"""2""";"""COPA DO MUNDO DE FUTEBOL 2014""";"""Documentário""";"""01/06/2014 a 13/07/2014""";"""Xes Projetos Visuais Ltda""";"""SP""";"""NTV International""";"""Japão""";"""Estrangeira""";"""MT/PE/RJ/ SP"""
"""043/AIN""";19/05/2014;"""5""";"""MIRAI""";"""Documentário""";"""26/05/2014 a 07/06/2014""";"""Urutau Filmes Ltda""";"""SP""";"""Non Production Co., Ltda.""";"""Japão""";"""Estrangeira""";"""SP"""
"""044/AIN""";19/05/2014;"""2""";"""COPA DO MUNDO 2014 - EXTRA""";"""Documentário""";"""03/06/2014 a 17/07/2014""";"""Sol Entertainment Ltda""";"""RJ""";"""Zweites Deutsches Fernsehen""";"""Alemanha""";"""Estrangeira""";"""BA/CE/PE/RJ/SP"""
"""045/AIN""";19/05/2014;"""4""";"""DAR UM JEITO""";"""Videoclipe""";"""23/05/2014 a 29/05/2014""";"""Buena Estudios Produção e Entretenimento Ltda""";"""RJ""";"""And Films, INC""";"""EUA""";"""Estrangeira""";"""RJ"""
"""046/AIN""";20/05/2014;"""4""";"""REAL SEKAI KUN""";"""Documentário""";"""10/06/2014 a 07/07/2014""";"""Town Network Filmagens Ltda""";"""SP""";"""MBS - Mainichi Broadcasting System INC.""";"""Japão""";"""Estrangeira""";"""BA/MA/MT/PE/PR/RJ/RN/SP"""
"""047/AIN""";20/05/2014;"""3""";"""BOUNCE BRAZIL""";"""Documentário""";"""10/06/2014 a 18/06/2014""";"""Blue Eyes Empreendimentos e Produções Audiovisuais.""";"""RJ""";"""Merge LLC""";"""EUA""";"""Estrangeira""";"""BA/DF/RN/SP"""
"""048/AIN""";20/05/2014;"""2""";"""TV NEWS""";"""Documentário""";"""07/06/2014 a 14/06/2014""";"""Sol Entertainment Ltda""";"""RJ""";"""RTL-TVI""";"""Bélgica""";"""Estrangeira""";"""RJ"""
"""049/AIN""";21/05/2014;"""7""";"""IRAN IN THE WORLD CUP""";"""Documentário""";"""11/06/2014 a 28/06/2014""";"""Neon Rio Ltda""";"""RJ""";"""Manoto1/ Marjan Television Network""";"""Reino Unido""";"""Estrangeira""";"""BA/MG/PR"""
"""050/AIN""";21/05/2014;"""1""";"""ACTIVE LIFE""";"""Publicitária""";"""21/05/2014 a 19/09/2014""";"""Videographica Serviços e Participações Ltda.""";"""SP""";""" -""";""" -""";"""Brasileira""";"""SP"""
"""051/AIN""";22/05/2014;"""19""";"""MEDÍOCRE - VIDEOCLIPE TI FEAT IGGY AZALEA""";"""Videoclipe""";"""25/05/2014 a 30/05/2014""";"""Buena Estudios Produção e Entretenimento Ltda""";"""RJ""";"""DNA, INC""";"""EUA""";"""Estrangeira""";"""RJ"""
"""052/AIN""";23/05/2014;"""11""";"""MASAHARU FUKUYAMA RIO DE JANEIRO 2016""";"""Ficção""";"""18/06/2014 a 29/06/2014""";"""WaSabi JB Comunicação Ltda""";"""RJ""";"""Tv Asahi Corporation""";"""Japão""";"""Estrangeira""";"""RJ"""
"""053/AIN""";26/05/2014;"""2""";"""BRAZIL'S Nº1 FAN""";"""Publicitária""";"""26/05/2014 a 08/06/2014""";"""JKR Produções Artísticas Ltda""";"""RJ""";"""Minnow""";"""Reino Unido""";"""Estrangeira""";"""SP"""
"""054/AIN""";26/05/2014;"""4""";"""COCA-COLA COPA""";"""Publicitária""";"""26/05/2014 a 26/07/2014""";"""Ocean Produção de Filmes Ltda""";"""SC""";"""The Lover""";"""Espanha""";"""Estrangeira""";"""RJ"""
"""055/AIN""";27/05/2014;"""1""";"""RADIO SHACK""";"""Institucional""";"""27/05/2014 a 31/05/2014""";"""Utopia Films Produção Artística Ltda""";"""RJ""";"""Bully Pictures""";"""EUA""";"""Estrangeira""";"""RJ"""
"""056/AIN""";27/05/2014;"""5""";"""DAN MARU""";"""Documentário""";"""09/06/2014 a 15/06/2014""";"""Urutau Filmes Ltda""";"""SP""";"""Fuji Television Network, INC""";"""Japão""";"""Estrangeira""";"""SP"""
"""057/AIN""";27/05/2014;"""3""";"""RTL VI ORANJE""";"""Documentário""";"""06/06/2014 a 15/07/2014""";"""Sol Entertainment Ltda""";"""RJ""";"""Infostrada Productions B.V.""";"""Holanda""";"""Estrangeira""";"""AM/BA/CE/DF/MT/MG/PR/PE/RN/RJ/RS/SP"""
"""058/AIN""";28/05/2014;"""4""";"""MI COPA, TU COPA""";"""Documentário""";"""05/06/2014 a 20/07/2014""";"""Ítaca Filmes do Brasil Ltda, ME""";"""RJ""";""" -""";""" -""";"""Brasileira""";"""DF/RJ/SP"""
"""059/AIN""";28/05/2014;"""3""";"""BRAZIL VERSUS...""";"""Publicitária""";"""08/06/2014 a 15/06/2014""";"""Brian M. Sewell Produções Cinematográficas""";"""RJ""";"""Grain Media""";"""Reino Unido""";"""Estrangeira""";"""RJ"""
"""060/AIN""";28/05/2014;"""22""";"""PERROS DE GIRA""";"""Reality Show""";"""02/06/2014 a 06/07/2014""";"""Brian M. Sewell Produções Cinematográficas""";"""RJ""";"""Grain Media""";"""Argentina""";"""Estrangeira""";"""RJ"""
"""061/AIN""";29/05/2014;"""7""";"""EDUCATING JOEY ESSEX 2""";"""Documentário""";"""08/06/2014 a 15/06/2014""";"""Neon Rio Ltda""";"""RJ""";"""Lime Pictures Limited""";"""Reino Unido""";"""Estrangeira""";"""SP"""
"""063/AIN""";29/05/2014;"""3""";"""WORLD CUP""";"""Documentário""";"""12/06/2014 a 16/07/2014""";"""Sol Entertainment Ltda""";"""RJ""";"""Lucky7even Entertainment GmbH""";"""Alemanha""";"""Estrangeira""";"""BA/PE/RJ/SP"""
"""064/AIN""";30/05/2014;"""2""";"""ROAD TO THE OCTAGON - UFC ON FOX 12""";"""Documentário""";"""04/06/2014 a 09/06/2014""";"""Brian M. Sewell Produções Cinematográficas""";"""RJ""";"""PositiveImage Video, Inc.""";"""EUA""";"""Estrangeira""";"""RJ"""
"""065/AIN""";02/06/2014;"""3""";"""OUT OF OFFICE""";"""Documentário""";"""08/06/2014 a 19/06/2014""";"""Tenda dos Milagres""";"""BA""";"""Portal A/ Finley Thomas Wise""";"""EUA""";"""Estrangeira""";"""RJ"""
"""066/AIN""";03/06/2014;"""3""";""",,VIETENTOURS GOES TO BRASIL''""";"""Documentário""";"""14/06/2014 a 14/07/2014""";"""Aura Filme Produções Ltda""";"""RJ""";"""Pape I Schürmann Kommunikation & Media""";"""Alemanha""";"""Estrangeira""";"""BA/CE/PE/RJ"""
"""067/AIN""";03/06/2014;"""3""";"""LEOS TRAVEL""";"""Documentário""";"""10/06/2014 a 18/06/2014""";"""Ricardo Gonçalves Produções Cinematográficas""";"""SP""";"""CDI Virtual Films Inc.""";"""EUA""";"""Estrangeira""";"""RJ"""
"""068/AIN""";03/06/2014;"""4""";"""FIFA WORLD CUP BBC ROAD TRIP 2014""";"""Documentário""";"""05/06/2014 a 16/07/2014""";"""FSR Produções Artísticas Ltda""";"""RJ""";"""BBC Sports""";"""Reino Unido""";"""Estrangeira""";"""BA/CE/DF/MG/PA/PE/RJ/SP"""
"""069/AIN""";04/06/2014;"""7""";"""ESPECIAL COPA DO MUNDO""";"""Documentário""";"""21/06/2014 a 26/06/2014""";"""Viralata Produções""";"""RJ""";"""Tokyo Broadcasting System Television, Inc.""";"""Japão""";"""Estrangeira""";"""PE/RJ"""
"""070/AIN""";04/06/2014;"""2""";"""SKY RAINFOREST RESCUE""";"""Institucional""";"""06/06/2014 a 13/06/2014""";"""Neon Rio Ltda""";"""RJ""";"""British Sky Broadcasting Limited""";"""Reino Unido""";"""Estrangeira""";"""AC"""
"""071/AIN""";04/06/2014;"""17""";"""COPA90 - COPA DO MUNDO""";"""Documentário""";"""08/06/2014 a 20/07/2014""";"""Spray Filmes S.S. Ltda.""";"""SP""";"""Big Balls Ltd.""";"""Reino Unido""";"""Estrangeira""";"""CE/MT/MG/PA/RJ/SP"""
"""072/AIN""";04/06/2014;"""1""";"""FIM DE SEMANA, APOCALIPSE E SINAL""";"""Publicitária""";"""05/06/2014 a 11/06/2014""";"""Zulu Filmes Ltda.""";"""SP""";""" -""";""" -""";"""Brasileira""";"""SP"""
"""073/AIN""";05/06/2014;"""6""";"""COOL KIDS ON THE BLOCK 2""";"""Documentário""";"""19/06/2014 a 29/06/2014""";"""HK Brasil Produtora Midia & Eventos Ltda""";"""SP""";"""Korean Broadcasting System""";"""Coréia do Sul""";"""Estrangeira""";"""RS/SP"""
"""074/AIN""";06/06/2014;"""2""";"""SONY SAMBA""";"""Institucional""";"""09/06/2014 a 19/06/2014""";"""Mango Films Brasil Ltda""";"""SP""";"""HeyHuman Ltda""";"""Reino Unido""";"""Estrangeira""";"""RJ"""
"""075/AIN""";06/06/2014;"""2""";"""O SENTIDO DA VIDA""";"""Documentário""";"""24/06/2014 a 24/06/2016""";"""O2 Cinema Ltda""";"""SP""";"""Jumpcut LDA & Filmanova S.L.""";"""Portugal""";"""Estrangeira""";"""SP"""
"""076/AIN""";09/06/2014;"""8""";"""A TIMELESS GLORY """;"""Documentário""";"""13/06/2014 a 25/06/2014""";"""Southside Produções Ltda.""";"""SP""";"""Image Nation Abu Dhabi FZ-LLC N""";"""Arábia Saudita""";"""Estrangeira""";"""RJ"""
"""077/AIN""";11/06/2014;"""42""";"""DESAFIO SEM LIMITE""";"""Documentário""";"""16/06/2014 a 23/06/2014""";"""HK Brasil Produtora Midia & Eventos Ltda""";"""SP""";"""Munhwa Broadcasting System""";"""Coréia do Sul""";"""Estrangeira""";"""MT/RS/RJ"""
"""078/AIN""";11/06/2014;"""2""";"""WORLD REPORT""";"""Documentário""";"""16/06/2014 a 16/06/2014""";"""Leonardo Henrique Pereira Branco""";"""SP""";"""Corporation of the Presiding Bishop of the Church of Jesus Christ of Latter-Day Saints""";"""EUA""";"""Estrangeira""";"""CE/RJ"""
"""079/AIN""";11/06/2014;"""3""";"""CRISTIANO RONALDO""";"""Publicitária""";"""14/06/2014 a 14/07/2014""";"""JKR Produções Artísticas Ltda""";"""RJ""";"""Ronnie Films Ltd.""";"""Reino Unido""";"""Estrangeira""";"""AM/MG/SP"""
"""080/AIN""";13/06/2014;"""5""";"""G.E.""";"""Documentário""";"""28/06/2014 a 02/07/2014""";"""Ricardo Gonçalves Produções Cinematográficas""";"""SP""";"""Vagabond Films""";"""EUA""";"""Estrangeira""";"""SP"""
"""081/AIN""";16/06/2014;"""10""";"""MATCH 64""";"""Documentário""";"""18/06/2014 a 16/07/2014""";"""Nation & Nação Produções Artísticas Ltda. ME""";"""SP""";"""Passion Films""";"""Reino Unido""";"""Estrangeira""";"""RJ"""
"""082/AIN""";18/06/2014;"""4""";"""AMAZONAS EXTREMO""";"""Documentário""";"""19/06/2014 a 19/07/2014""";"""Francisco Ferreira Pinto Filho (Amazon Film Productions)""";"""AM""";"""7 y Acción S.L.""";"""Espanha""";"""Estrangeira""";"""AM/RO"""
"""083/AIN""";20/06/2014;"""4""";"""FASCINATION EARTH-BRAZIL""";"""Documentário""";"""16/07/2014 a 30/07/2014""";"""Guapuruvu Filmes Ltda""";"""RJ""";"""Zweites Deutsches Fernsehen""";"""Alemanha""";"""Estrangeira""";"""AM/PR/MA"""
"""084/AIN""";20/06/2014;"""1""";"""PESQUISA""";"""Publicitária""";"""02/07/2014 a 20/07/2014""";"""Paranoid Brasil Ltda""";"""SP""";""" -""";""" -""";"""Brasileira""";"""SP"""
"""085/AIN""";23/06/2014;"""8""";"""MAN FINDS FOOD""";"""Institucional""";"""04/07/2014 a 10/07/2014""";"""Ricardo Gonçalves Produções Cinematográficas""";"""SP""";"""CDI Virtual Films Inc.""";"""EUA""";"""Estrangeira""";"""SP"""
"""086/AIN""";24/06/2014;"""4""";"""NAME SWAP""";"""Documentário""";"""15/07/2014 a 19/07/2014""";"""Sol Entertainment Ltda""";"""RJ""";"""M3 Creative""";"""EUA""";"""Estrangeira""";"""RJ"""
"""087/AIN""";24/06/2014;"""3""";"""BEST PLACES ON EARTH TO BE A CHILD""";"""Documentário""";"""06/07/2014 a 14/07/2014""";"""Sol Entertainment Ltda""";"""RJ""";"""ZDF Digital Medienproduktion GmbH""";"""Alemanha""";"""Estrangeira""";"""RJ"""
"""089/AIN""";27/06/2014;"""2""";"""BEAUTIFULL BRAZIL""";"""Documentário""";"""31/07/2014 a 08/08/2014""";"""Sol Entertainment Ltda""";"""RJ""";"""Factionfilm e K.""";"""Alemanha""";"""Estrangeira""";"""RJ"""
"""090/AIN""";30/06/2014;"""1""";"""VIRADA PRIMAVERA""";"""Publicitária""";"""06/07/2014 a 16/07/2014""";"""Stoli Filmes Ltda""";"""SP""";""" -""";""" -""";"""Brasileira""";"""SP"""
"""091/AIN""";01/07/2014;"""4""";"""EARTH’S NATURAL WONDERS""";"""Documentário""";"""18/07/2014 a 30/07/2014""";"""Francisco Ferreira Pinto Filho (Amazon Film Productions)""";"""AM""";"""BBC""";"""Reino Unido""";"""Estrangeira""";"""RJ/PA/AM"""
"""092/AIN""";01/07/2014;"""5""";"""O JOGO DOS JOGOS, MATCH OF THE MATCHES""";"""Institucional""";"""09/07/2014 a 16/07/2014""";"""Karaí filmes e produções cinematográficas Ltda""";"""RJ""";"""Triad Berlin Projektgesellschaft mbH""";"""Alemanha""";"""Estrangeira""";"""RJ"""
"""093/AIN""";07/07/2014;"""9""";"""MY FIRST AMAZON ADVENTURE""";"""Documentário""";"""08/08/2014 a 27/08/2014""";"""Story Produções Ltda. ME""";"""SP""";"""Mediadante""";"""Catar""";"""Estrangeira""";"""RJ/AM"""
"""094/AIN""";09/07/2014;"""7""";"""QUEST_THE MOVIE - PARTE III""";"""Documentário""";"""08/08/2014 a 27/08/2014""";"""Neon Rio Ltda""";"""RJ""";"""Quest Unlimited Ltd""";"""Reino Unido""";"""Estrangeira""";"""SP/AM/PA"""
"""095/AIN""";09/07/2014;"""7""";"""THE ULTIMATE LUXURY - ENZO""";"""Documentário""";"""26/07/2014 a 30/07/2014""";"""CTX Comunicação Audiovisual Ltda""";"""SP""";"""Hill & Knowlton (China) Public Relations Co., Ltda.""";"""China""";"""Estrangeira""";"""SP/DF"""
"""096/AIN""";09/07/2014;"""10""";"""THE 7 WONDERS OF THE WORLD""";"""Publicitária""";"""22/06/2014 a 28/07/2014""";"""JKR Produções Artísticas Ltda""";"""RJ""";"""A Team Media""";"""Coréia do Sul""";"""Estrangeira""";"""RJ"""
"""097/AIN""";11/07/2014;"""4""";"""LIFE IN A DAY""";"""Documentário""";"""21/07/2014 a 31/07/2014""";"""Losbragas Produções Ltda.""";"""RJ""";"""Public Record""";"""EUA""";"""Estrangeira""";"""SP"""
"""098/AIN""";14/07/2014;"""2""";"""KOHI SODATSUSEN – A concorrência no mercado cafeeiro brasileiro""";"""Documentário""";"""26/07/2014 a 06/08/2014""";"""Xes Projetos Visuais Ltda""";"""SP""";"""Media Mettle, Inc.""";"""Japão""";"""Estrangeira""";"""SP/MG"""
"""099/AIN""";13/07/2014;"""5""";"""JEEP""";"""Publicitária""";"""18/07/2014 a 04/08/2014""";"""Domo Produções Ltda""";"""SP""";"""Caviar Content""";"""EUA""";"""Estrangeira""";"""RJ/SP"""
"""100/AIN""";15/07/2014;"""4""";"""DER GROSSE WARENCHECK""";"""Documentário""";"""27/07/2014 a 30/07/2014""";"""Aura Filme Produções Ltda""";"""RJ""";"""Maximus Film GmbH""";"""Alemanha""";"""Estrangeira""";"""SP"""
"""101/AIN""";16/07/2014;"""3""";"""GROW MANAGE AND PRESERVE""";"""Institucional""";"""21/07/2014 a 24/07/2014""";"""Terra Vermelha Filmes Ltda""";"""RJ""";"""The Edge Picture Company Ltd""";"""Reino Unido""";"""Estrangeira""";"""RJ"""
"""102/AIN""";16/07/2014;"""3""";"""ALMA DE ATLETA""";"""Documentário""";"""06/08/2014 a 29/08/2014""";"""Town Network Filmagens Ltda""";"""SP""";"""NHK - Nippon Hoso Kyokai""";"""Japão""";"""Estrangeira""";"""SP"""
"""103/AIN""";18/07/2014;"""7""";"""SHELL""";"""Documentário""";"""25/07/2014 a 05/08/2014""";"""Ricardo Gonçalves Produções Cinematográficas""";"""SP""";"""Vagabond Films""";"""EUA""";"""Estrangeira""";"""RJ"""
"""104/AIN""";18/07/2014;"""1""";"""SHELL V POWER NITRO""";"""Publicitária""";"""19/07/2014 a 05/08/2014""";"""Paranoid Brasil Ltda""";"""SP""";""" -""";""" -""";"""Brasileira""";"""SP"""
"""105/AIN""";18/07/2014;"""5""";"""FOOD PARADISE INTERNATIONAL""";"""Documentário""";"""12/09/2014 a 17/09/2014""";"""Story Produções Ltda. ME""";"""SP""";"""Loud Television""";"""EUA""";"""Estrangeira""";"""SP"""
"""106/AIN""";21/07/2014;"""1""";"""FARMING BRAZIL""";"""Institucional""";"""27/07/2014 a 30/07/2014""";"""Utopia Films Produção Artística Ltda""";"""RJ""";"""People, Ideas & Culture""";"""Reino Unido""";"""Estrangeira""";"""SP"""
"""107/AIN""";22/07/2014;"""2""";"""VISA""";"""Sequência de Títulos""";"""23/08/2014 a 30/08/2014""";"""Francisco Ferreira Pinto Filho (Amazon Film Productions)""";"""AM""";"""CDI Virtual Films Inc.""";"""EUA""";"""Estrangeira""";"""SP"""
"""108/AIN""";24/07/2014;"""1""";"""DA DA DA""";"""Publicitária""";"""30/07/2014 a 15/08/2014""";"""Paranoid Brasil Ltda""";"""SP""";""" -""";""" -""";"""Brasileira""";"""SP"""
"""109/AIN""";24/07/2014;"""11""";"""EXPLORANDO O TESOURO DO PANTANAL""";"""Documentário""";"""30/07/2014 a 15/08/2014""";"""HK Brasil Produtora Midia & Eventos Ltda""";"""SP""";"""Korean Broadcasting System""";"""Coréia do Sul""";"""Estrangeira""";"""SP"""
"""110/AIN""";29/07/2014;"""7""";"""O AMOR ESTA NO AR""";"""Documentário""";"""16/08/2014 a 28/08/2014""";"""Mangaba Produções Ltda""";"""BA""";"""Endemol Nederland BV""";"""Holanda""";"""Estrangeira""";"""BA/MG"""
"""111/AIN""";29/07/2014;"""4""";"""HEYLEN EM DE HERKOMST 2""";"""Documentário""";"""09/08/2014 a 15/08/2014""";"""Provocador Produções Artísticas ME""";"""RJ""";"""Woestijnvis NV""";"""Bélgica""";"""Estrangeira""";"""SP"""
"""112/AIN""";29/07/2014;"""1""";"""SKOL UNDERWATER""";"""Publicitária""";"""14/08/2014 a 25/08/2014""";"""Produtora de Cinema e Filmes Associados Ltda""";"""SP""";""" -""";""" -""";"""Brasileira""";"""SP"""
"""113/AIN""";22/08/2014;"""2""";"""VERMIST""";"""Documentário""";"""01/09/2014 a 05/09/2014""";"""Mares Produções Ltda""";"""RJ""";"""Tros Broadcasting Company""";"""Holanda""";"""Estrangeira""";"""SP/PR                                                                                                                                                                                                                                                            """
"""114/AIN""";30/07/2014;"""1""";"""DR WHO WORLD PRESS TOUR""";"""Publicitária""";"""04/08/2014 a 05/09/2014""";"""Ocean Produção de Filmes Ltda""";"""SC""";"""Just So""";"""Reino Unido""";"""Estrangeira""";"""RJ"""
"""115/AIN""";01/08/2014;"""2""";"""ENERGIA HUMANA - UMA JORNADA DE 9000 KM""";"""Documentário""";"""15/09/2013 a 17/03/2015""";"""Aventuras, Produções e Edições Educativas Ltda""";"""SP""";"""Skeeto Lounge Productions Limited""";"""Reino Unido""";"""Estrangeira""";"""Todos Estados"""
"""116/AIN""";04/08/2014;"""1""";"""THE PEOPLE'S HEALTH""";"""Documentário""";"""12/08/2014 a 30/08/2014""";"""Viva Filmes Ltda""";"""RJ""";"""EOS Films Ltd.""";"""Reino Unido""";"""Estrangeira""";"""RJ/SP"""
"""117/AIN""";04/08/2014;"""1""";"""AGMUSA""";"""Institucional""";"""10/08/2014 a 23/08/2014""";"""Utopia Films Produção Artística Ltda""";"""RJ""";"""RABBICORN MEDIA GMBH""";"""Alemanha""";"""Estrangeira""";"""SP"""
"""118/AIN""";05/08/2014;"""3""";"""PROJEKT JAGUARSAFARI UND BUNTE FEDERN, SCHLAUES KÖPFCHEN - HYAZINTH ARAS UND CO""";"""Documentário""";"""15/09/2014 a 15/10/2014""";"""Aura Filme Produções Ltda""";"""RJ""";"""Bayerischer Rundfunk""";"""Alemanha""";"""Estrangeira""";"""MT"""
"""119/AIN""";05/08/2014;"""1""";"""ANGLO AMERICAN CAREERS""";"""Institucional""";"""05/09/2014 a 10/09/2014""";"""Utopia Films Produção Artística Ltda""";"""RJ""";"""Merchant Cantos""";"""Reino Unido""";"""Estrangeira""";"""RJ"""
"""120/AIN""";06/08/2014;"""4""";"""COLOMBIA - A MOSAIC OF LIFE - JAGUAR SHOOT""";"""Documentário""";"""17/08/2014 a 30/08/2014""";"""Neon Rio Ltda""";"""RJ""";"""Off The Fence Productions""";"""Colômbia""";"""Estrangeira""";"""GO"""
"""121/AIN""";06/08/2014;"""3""";"""""ONE PLANET (JUNGLES EPISODE)""""";"""Documentário""";"""18/08/2014 a 14/10/2014""";"""Neon Rio Ltda""";"""RJ""";"""British Broadcasting Corporation""";"""Reino Unido""";"""Estrangeira""";"""TO"""
"""122/AIN""";07/08/2014;"""4""";"""KLM TAKING OVER THE WORLD""";"""Institucional""";"""18/08/2014 a 22/08/2014""";"""Sol Entertainment Ltda""";"""RJ""";"""MediaMonks BV.""";"""Holanda""";"""Estrangeira""";"""RJ"""
"""123/AIN""";08/08/2014;"""7""";"""ABSOLUT""";"""Publicitária""";"""15/07/2014 a 15/10/2014""";"""Ocean Produção de Filmes Ltda""";"""SC""";"""Prettybird""";"""EUA""";"""Estrangeira""";"""SP"""
"""124/AIN""";08/08/2014;"""2""";"""SKY CIRCUS""";"""Publicitária""";"""15/08/2014 a 15/09/2014""";"""O2 Produções Artísticas e Cinematográficas Ltda.""";"""SP""";""" -""";""" -""";"""Brasileira""";"""SP"""
"""125/AIN""";11/08/2014;"""10""";"""BELMONDO PAR BELMONDO""";"""Documentário""";"""03/09/2014 a 06/09/2014""";"""W. PRODUCCIONES EVENTOS E ENTRETENIMENTO EIRELI EPP""";"""RJ""";"""Victoria Films""";"""França""";"""Estrangeira""";"""RJ"""
"""126/AIN""";12/08/2014;"""5""";"""LIBERTY MUTUAL: TRAFFIC SAFETY""";"""Publicitária""";"""06/09/2014 a 12/09/2014""";"""Parabola Produções Ltda.""";"""SP""";"""HeLo""";"""EUA""";"""Estrangeira""";"""SP"""
"""127/AIN""";13/08/2014;"""2""";"""VSB-Integratet minimill for Tubes""";"""Publicitária""";"""15/09/2014 a 21/09/2014""";"""Aura Filme Produções Ltda""";"""RJ""";"""Bachhausen Visual Production GmbH & Co. KG""";"""Alemanha""";"""Estrangeira""";"""RJ"""
"""128/AIN""";14/08/2014;"""5""";"""Reizen Waes (Travel Waes)""";"""Documentário""";"""07/09/2014 a 21/09/2014""";"""Connection Filmes e Produções Artísticas LTDA""";"""RJ""";"""De Mensen Ltda""";"""Bélgica""";"""Estrangeira""";"""PA"""
"""129/AIN""";14/08/2014;"""2""";"""Wardrobe""";"""Publicitária""";"""18/08/2014 a18/09/2014""";"""O2 Produções Artísticas e Cinematográficas Ltda.""";"""SP""";""" -""";""" -""";"""Brasileira""";"""SP                                                                                                                                                                                                                                                                                                                                                                                                                                                                                                                                                                                                                                                                                                                                                                                                                                                                                                                                                                                                                                                                                                                                                                                                                                                                                                                                                                                                                                                                                                                                                                                                                                                                                                                                                                                                                                                                                                                                                                                                                                                                                                                                                                                                                                                                                                                                                                                                                                                                                                                                                                                                                                                                                                                                                                                                                                                       """
"""130/AIN""";15/08/2014;"""2""";"""""Tata Werneck""""Bruna Marquezine""""";"""Publicitária""";"""20/08/2014 a 15/09/2014""";"""Paranoid Brasil Ltda""";"""SP""";""" -""";""" -""";"""Brasileira""";"""RJ"""
"""131/AIN""";18/08/2014;"""5""";"""Extreme Fisherman""";"""Documentário""";"""23/09/2014 a 05/10/2014""";"""Felipe Teixeira Bueo Caixeta""";"""RJ""";"""IWC MEDIA""";"""Reino Unido""";"""Estrangeira""";"""RJ"""
"""132/AIN""";18/08/2014;"""7""";"""""Especial Disney Live""""";"""Documentário""";"""05/09/2014 a 15/09/2014""";"""Xes Projetos Visuais Ltda""";"""SP""";"""NTV - Nippon Television Network CO""";"""Japão""";"""Estrangeira""";"""RJ"""
"""133/AIN""";20/08/2014;"""3""";"""The Bug""";"""Documentário""";"""26/09/2014 a 31/08/2014""";"""Viva Filmes Ltda""";"""RJ""";"""NBCUniversal International, CNBC""";"""Reino Unido""";"""Estrangeira""";"""RJ"""
"""134/AIN""";22/08/2014;"""9""";"""""From Here to There""""";"""Documentário""";"""05/12/2014 a 12/12/2014""";"""Sol Entertainment Ltda""";"""RJ""";"""From Here to There, LLC""";"""EUA""";"""Estrangeira""";"""RJ/SP"""
"""135/AIN""";22/08/2014;"""1""";"""Grand Canyon / Icon""";"""Publicitária""";"""04/09/2014 a 20/09/2014""";"""Conspiração Filmes S/A""";"""RJ""";""" -""";""" -""";"""Brasileira""";"""SP                                                                                                                                                                                                                                                                                                                                                                                                                                                                                                                                                                                                                                                                                                                                                                                                                                                                                                                                                                                                                                                                                                                                                                                                                                                                                                                                                                                                                                                                                                                                                                                                                                                                                                                                                                                                                                                                                                                                                                                                                                                                                                                                                                                                                                                                                                                                                                                                                                                                                                                                                                                                                                                                                                                                                                                                                                                       """
"""136/AIN""";26/08/2014;"""4""";"""Shin Nihon Fudoki""";"""Documentário""";"""20/10/2014 a 30/11/2014 """;"""Sango Productions Ltda""";"""SP""";"""Tokyo Video Center Inc.""";"""Japão""";"""Estrangeira""";"""SP"""
"""137/AIN""";26/08/2014;"""4""";"""JAPONESES QUE VIVEM EM TERRAS DISTANTES""";"""Documentário""";"""09/09/2014 a 17/09/2014""";"""Urutau Filmes Ltda""";"""SP""";"""Wave Inc.""";"""Japão""";"""Estrangeira""";"""SP"""
"""138/AIN""";28/08/2014;"""4""";"""""Brazil Coach""""";"""Documentário""";"""25/09/2014 a 06/10/2014""";"""Neon Rio Ltda""";"""RJ""";"""Nine Network Australia""";"""Austrália""";"""Estrangeira""";"""SP"""
"""139/AIN""";28/08/2014;"""2""";"""Kiseki Taiken! Unbelievable SP""";"""Documentário""";"""07/09/2014 a 15/09/2014""";"""WaSabi JB Comunicação Ltda""";"""RJ""";"""East Entertainment Inc""";"""Japão""";"""Estrangeira""";"""MA"""
"""140/AIN""";29/08/2014;"""3""";"""Chikyu ichban - a comunidade de lençóis maranhenses""";"""Documentário""";"""08/09/2014 a 04/10/2014""";"""BDT Planejamento e Comunicação Ltda""";"""SP""";"""Ortus Japan Inc""";"""Japão""";"""Estrangeira""";"""SP/MA"""
"""141/AIN""";01/09/2014;"""2""";"""""Grand Canyon Brasil"" ""Maid Marion Brasil""""";"""Publicitária""";"""04/09/2014 a 15/09/2014""";"""Paranoid Brasil Ltda""";"""SP""";""" -""";""" -""";"""Brasileira""";"""SP                                                                                                                                                                                                                                                                                                                                                                                                                                                                                                                                                                                                                                                                                                                                                                                                                                                                                                                                                                                                                                                                                                                                                                                                                                                                                                                                                                                                                                                                                                                                                                                                                                                                                                                                                                                                                                                                                                                                                                                                                                                                                                                                                                                                                                                                                                                                                                                                                                                                                                                                                                                                                                                                                                                                                                                                                                                       """
"""142/AIN""";01/09/2014;"""5""";"""The Greatest Shows on Earth - Brazil""";"""Documentário""";"""21/09/2014 a 15/10/2014""";"""Davies & Luzzi Ltda/ME""";"""SP""";"""Clock Tower Productions Inc""";"""EUA""";"""Estrangeira""";"""SP/RJ/PE"""
"""143/AIN""";02/09/2014;"""2""";"""Descobrindo restaurante japonês no mundo 15""";"""Documentário""";"""10/09/2014 a 30/09/2014""";"""Master Cine Vídeo Ltda""";"""SP""";"""Zippy production/Takashi Masumoto""";"""Japão""";"""Estrangeira""";"""SP"""
"""144/AIN""";02/09/2014;"""5""";"""The Fabric Change: na unlikely collaboration between Monsanto & woman's seamstress co-op in Brazil""";"""Institucional""";"""09/09/2014 a 16/09/2014""";"""Garoa Produtora de Cinema TV e Vídeo Ltda""";"""BA""";"""Rockhouse Motion""";"""EUA""";"""Estrangeira""";"""BA"""
"""145/AIN""";03/09/2014;"""2""";"""Quem Criou""";"""Publicitária""";"""08/09/2014 a 30/09/2014""";"""Produtora de Cinema e Filmes Associados Ltda""";"""SP""";""" -""";""" -""";"""Brasileira""";"""SP                                                                                                                                                                                                                                                                                                                                                                                                                                                                                                                                                                                                                                                                                                                                                                                                                                                                                                                                                                                                                                                                                                                                                                                                                                                                                                                                                                                                                                                                                                                                                                                                                                                                                                                                                                                                                                                                                                                                                                                                                                                                                                                                                                                                                                                                                                                                                                                                                                                                                                                                                                                                                                                                                                                                                                                                                                                       """
"""146/AIN""";04/09/2014;"""3""";"""""Atlantic""""";"""Documentário""";"""03/10/2014 a 28/10/2014""";"""Neon Rio Ltda""";"""RJ""";"""BBC Natural Ltda""";"""Reino Unido""";"""Estrangeira""";"""PE"""
"""147/AIN""";04/09/2014;"""2""";"""Familjen Äventyr (Famílias Aventura)""";"""Reality Show""";"""09/09/2014 a 29/09/2014 """;"""JPB Embaúba Produções Ltda ME""";"""RJ""";"""ART89""";"""Suécia""";"""Estrangeira""";"""RN"""
"""148/AIN""";04/09/2014;"""3""";"""Hitachi: Apresentação da utilização do compressor""";"""Institucional""";"""19/09/2014 a 30/09/2014""";"""Town Network Filmagens Ltda""";"""SP""";"""K Provision.""";"""Japão""";"""Estrangeira""";"""RJ/SP"""
"""149/AIN""";04/09/2014;"""2""";"""Descobrindo restaurantes japonês no mundo 15""";"""Documentário""";"""13/09/2014 a 10/10/2014""";"""Master Cine Vídeo Ltda""";"""SP""";"""Zippy production/Takashi Masumoto""";"""Japão""";"""Estrangeira""";"""BA"""
"""150/AIN""";05/09/2014;"""3""";"""Red Rull Interview""";"""Entrevista""";"""22/09/2014 a 01/10/2014""";"""Nation & Nação Produções Artísticas Ltda. ME""";"""SP""";"""Ocean Watch""";"""EUA""";"""Estrangeira""";"""SP"""
"""151/AIN""";08/09/2014;"""5""";"""JAPONESES QUE VIVEM EM TERRAS DISTANTES- Chuí- Rio Grande do Sul""";"""Documentário""";"""19/09/2014 a 06/10/2014""";"""Urutau Filmes Ltda""";"""SP""";"""Wave Inc.""";"""Japão""";"""Estrangeira""";"""RS"""
"""152/AIN""";09/09/2014;"""6""";"""""VERMISST""""";"""Documentário""";"""23/09/2014 a 27/09/2014""";"""Aura Filme Produções Ltda""";"""RJ""";"""Endemol Deutschland GmbH""";"""Alemanha""";"""Estrangeira""";"""SP"""
"""153/AIN""";09/09/2014;"""3""";"""Todas as manãs do mundo""";"""Documentário""";"""02/10/2014 a 30/10/2014""";"""Canal Azul Consultoria Audiovisual Ltda""";"""SP""";""" -""";""" -""";"""Brasileira""";"""AM"""
"""154/AIN""";09/09/2014;"""3""";"""Migrations em Danger - Migração em Perigo - episódio no Brasil: Mico-Leão """;"""Documentário""";"""23/09/2014 a 14/10/2014""";"""Marca D'água Produções Ltda""";"""SP""";"""FL Concepts""";"""França""";"""Estrangeira""";"""RJ"""
"""155/AIN""";11/09/2014;"""3""";"""“Earth Natural Wonders”""";"""Documentário""";"""03/10/2014 a 20/10/2014""";"""Neon Rio Ltda""";"""RJ""";"""BBC Science Unit""";"""Reino Unido""";"""Estrangeira""";"""AM"""
"""156/AIN""";12/09/2014;"""3""";"""""World Report""""";"""Documentário""";"""09/10/2014 a 16/11/2014""";"""Gato Preto Filmes""";"""SP""";"""Corporation of the presiding Bishop of the church of Jesus Christ of latter-day saints""";"""EUA""";"""Estrangeira""";"""RJ/CE"""
"""157/AIN""";17/09/2014;"""3""";"""“Every Single Day” ”Eat Loud” ”Laugh Lod” ”New Born” ”Hug Loud”""";"""Publicitária""";"""06/10/2014 a 23/10/2014""";"""Delicatessen Produção de Filmes Ltda""";"""SP""";"""Stink Limited""";"""Reino Unido""";"""Estrangeira""";"""RJ"""
"""158/AIN""";17/09/2014;"""2""";"""“Alma de atleta”""";"""Documentário""";"""11/10/2014 a 22/10/2014""";"""Xes Projetos Visuais Ltda""";"""SP""";"""SPONICHI CO. LTD""";"""Japão""";"""Estrangeira""";"""SP/PR                                                                                                                                                                                                                                                         """
"""159/AIN""";17/09/2014;"""5""";"""“Retorno” “Sobrinha e Cunhado” “Esposa e sogra” “Clipe/Apoteose”""";"""Documentário""";"""03/10/2013 a 25/02/2015""";"""Hungry man Brasil Produções Ltda""";"""SP""";""" -""";""" -""";"""Brasileira""";"""DF/RJ/SP"""
"""160/AIN""";19/09/2014;"""4""";"""Fish TV""";"""Documentário""";"""13/11/2014 a 22/11/2014""";"""Amazon Film Productions""";"""AM""";"""Fish on Productions Inc""";"""Canadá""";"""Estrangeira""";"""AM"""
"""161/AIN""";25/09/2014;"""9""";"""In America - 2ª temporada""";"""Ficção""";"""09/10/2014 a 30/10/2014""";"""FR Target Filmes Ltda""";"""RJ""";"""Makingprod, SAS""";"""França""";"""Estrangeira""";"""RJ"""
"""162/AIN""";25/09/2014;"""2""";"""EXODUS""";"""Documentário""";"""14/10/2014 a 02/11/2014""";"""O2 Cinema Ltda""";"""SP""";"""Hank Levine Films.""";"""Alemanha""";"""Coprodução""";"""SP"""
"""163/AIN""";26/09/2014;"""3""";""""" Manifesto"" e ""Recruitment""""";"""Publicitária""";"""03/10/2014 a 12/10/2014""";"""JKR Produções Artísticas Ltda""";"""RJ""";"""HOGARTH""";"""Reino Unido""";"""Estrangeira""";"""RJ"""
"""164/AIN""";29/09/2014;"""2""";"""Pequeno Segredo""";"""Ficção""";"""15/10/2014 a 15/12/2014""";"""Schurmann Produções Cinematográficas LTDA""";"""SP""";""" -""";""" -""";"""Brasileira""";"""SC/PA"""
"""165/AIN""";29/09/2014;"""2""";"""Meu amigo hindu""";"""Ficção""";"""20/10/2014 a 31/01/2015""";"""HB Filmes LTDA - EPP""";"""SP""";""" -""";""" -""";"""Brasileira""";"""SP"""
"""166/AIN""";02/10/2014;"""4""";"""BP at its Best""";"""Institucional""";"""13/10/2014 a 20/10/2014""";"""Story Produções Ltda. ME""";"""SP""";"""BP-TV BP International Ltd""";"""Reino Unido""";"""Estrangeira""";"""RJ/BA"""
"""167/AIN""";07/10/2014;"""6""";"""UFC Embedded 179""";"""Documentário""";"""18/10/2014 a 30/10/2014""";"""Sol Entertainment Ltda""";"""RJ""";"""Figura Media, LLC""";"""EUA""";"""Estrangeira""";"""RJ"""
"""168/AIN""";07/10/2014;"""1""";"""Monstro""";"""Publicitária""";"""25/10/2014 a 25/11/2014""";"""O2 Filmes Publicitários Ltda""";"""SP""";""" -""";""" -""";"""Brasileira""";"""SP"""
"""169/AIN""";14/10/2014;"""2""";"""Red! Hubert kah""";"""Documentário""";"""23/10/2014 a 26/10/2014""";"""Aura Filme Produções Ltda""";"""RJ""";"""Spin TV""";"""Alemanha""";"""Estrangeira""";"""RJ"""
"""170/AIN""";14/10/2014;"""6""";"""Kaiketsui Nai Nai Ansa""";"""Documentário""";"""30/10/2014 a 15/11/2014""";"""Town Network Filmagens Ltda""";"""SP""";"""Zion Creative Visual Work Ltda""";"""Japão""";"""Estrangeira""";"""SP"""
"""171/AIN""";15/10/2014;"""12""";"""Great Amazon - The Water World""";"""Documentário""";"""08/11/2014 a 30/11/2014""";"""Sango Productions Ltda""";"""SP""";"""TBS Vision Inc.""";"""Japão""";"""Estrangeira""";"""AM"""
"""172/AIN""";15/10/2014;"""4""";"""Unnstopable""";"""Documentário""";"""22/10/2014 a 05/11/2014""";"""Cani.Tv Produções""";"""RJ""";"""Finch Company""";"""Austrália""";"""Estrangeira""";"""RJ"""
"""173/AIN""";15/10/2014;"""2""";"""Beyond the Horizon""";"""Publicitária""";"""10/11/2014 a 14/11/2014""";"""Maruti Blue Produções e Eventos""";"""RJ""";"""Évimages""";"""França""";"""Estrangeira""";"""RJ"""
"""174/AIN""";15/10/2014;"""9""";"""Castelo de Areia""";"""Institucional""";"""27/10/2014 a 12/11/2014""";"""Hungry man Brasil Produções Ltda""";"""SP""";""" -""";""" -""";"""Brasileira""";"""RJ"""
"""175/AIN""";15/10/2014;"""4""";"""Seats for Switzerland""";"""Documentário""";"""22/10/2014 a 28/10/2014""";"""Neon Rio Ltda""";"""RJ""";"""Milchstrasse Filmproduktion GmbH""";"""Alemanha""";"""Estrangeira""";"""SP"""
"""176/AIN""";20/10/2014;"""1""";"""Earth Child Institute""";"""Institucional""";"""25/11/2014 a 01/12/2014""";"""Utopia Films Produção Artística Ltda""";"""RJ""";"""Pretzel Films""";"""Reino Unido""";"""Estrangeira""";"""PA"""
"""177/AIN""";20/10/2014;"""1""";"""La Foret Engloutie""";"""Documentário""";"""23/10/2014 a 07/11/2014""";"""Aura Filme Produções Ltda""";"""RJ""";"""FL Concepts""";"""França""";"""Estrangeira""";"""AM"""
"""178/AIN""";20/10/2014;"""1""";"""Schau in meine Welt""";"""Documentário""";"""02/12/2014 a 09/12/2014""";"""Sol Entertainment Ltda""";"""RJ""";"""Gigaherz GmbH""";"""Alemanha""";"""Estrangeira""";"""PE"""
"""179/Ain""";20/10/2014;"""8""";"""The Perfect Leaf""";"""Documentário""";"""28/10/2014 a 12/11/2014""";"""Connection Filmes e Produções Artísticas LTDA""";"""RJ""";"""Saga Film""";"""Romênia""";"""Estrangeira""";"""SC """
"""180/AIN""";21/10/2014;"""6""";"""Amazon Special""";"""Documentário""";"""01/11/2014 a 26/11/2014""";"""Alfixit Produções Culturais e Artísticas Ltda""";"""SP""";"""Octagon Co. Ltda""";"""Japão""";"""Estrangeira""";"""MT/AM/PA/SP"""
"""181/AIN""";21/10/2014;"""4""";"""Healthier Forests, Healthier Farms""";"""Institucional""";"""28/10/2014 a 03/11/2014""";"""Garoa Produtora de Cinema TV e Vídeo Ltda""";"""BA""";"""Rockhouse Motion LLC""";"""EUA""";"""Estrangeira""";"""BA"""
"""182/AIN""";22/10/2014;"""2""";"""A Origem do Boto Cor-de-rosa""";"""Documentário""";"""01/11/2014 a 17/11/2014""";"""DUO2.TV LTDA """;"""SP""";"""Yade French Connections""";"""EUA""";"""Estrangeira""";"""AM"""
"""183/AIN""";22/10/2014;"""3""";"""Pioneers in Every Land-Sealed Together""";"""Documentário""";"""03/11/2014 a 13/11/2014""";"""Gato Preto Filmes""";"""SP""";"""Corporation of the presiding Bishop of the church of Jesus Christ of latter-day saints""";"""EUA""";"""Estrangeira""";"""AM"""
"""184/AIN""";22/10/2014;"""3""";"""Food Unwrapped 4 """;"""Documentário""";"""08/11/2014 a 14/11/2014""";"""Garapa Produções e Serviços Ltda""";"""SP""";"""Ricochet Limited""";"""Inglaterra""";"""Estrangeira""";"""AM"""
"""185/AIN""";23/10/2014;"""13""";"""Lucky Ladies""";"""Reality Show""";"""27/10/2014 a 20/12/2014""";"""Sol Entertainment Ltda""";"""RJ""";"""Endemol Argentina S.A""";"""Argentina""";"""Estrangeira""";"""RJ"""
"""186/AIN""";24/10/2014;"""6""";"""Qatar Handball Anthem Music Video""";"""Documentário""";"""07/11/2014 a 13/11/2014""";"""Modo Operante Produções Culturais Ltda""";"""RJ""";"""Pulse Films Ltda""";"""Reino Unido""";"""Estrangeira""";"""RJ"""
"""187/AIN""";27/10/2014;"""3""";"""Mission Surprise""";"""Documentário""";"""02/11/2014 a 09/11/2014""";"""Aura Filme Produções Ltda""";"""RJ""";"""Schweizer Radio und Ltda""";"""Suíça""";"""Estrangeira""";"""RJ"""
"""188/AIN""";29/10/2014;"""13""";"""Finding Bigfoot""";"""Documentário""";"""16/11/2014 a 30/12/2014""";"""Francisco Ferreira Pinto Filho (Amazon Film Productions)""";"""AM""";"""Snake Oil Production""";"""EUA""";"""Estrangeira""";"""AM"""
"""189/AIN""";03/11/2014;"""7""";"""Dil say Dil Tak""";"""Ficção""";"""10/01/2015 a 30/01/2015""";"""Southside Produções Ltda.""";"""SP""";"""Diamond World Productions""";"""Paquistão""";"""Estrangeira""";"""SP"""
"""190/AIN""";30/10/2014;"""3""";"""Besuch von Christian Blankenhorn""";"""Documentário""";"""06/11/2014 a 16/11/2014""";"""Aura Filme Produções Ltda""";"""RJ""";"""InfoNetwork""";"""Alemanha""";"""Estrangeira""";"""AM/RJ/SP"""
"""191/AIN""";30/10/2014;"""3""";"""Lua em Sagitário""";"""Ficção""";"""22/11/2014 a 20/12/2014""";"""Tambke Filmes Ltda (Plural Filmes)""";"""RJ""";"""Saula Benavente""";"""Argentina""";"""Estrangeira""";"""SC"""
"""192/AIN""";30/10/2014;"""5""";""""" Magic Oil"" ""Fresh E Dry"" ""Deo"" and ""Dark Passion""""";"""Publicitária""";"""20/11/2014 a 04/12/2014""";"""JKR Produções Artísticas Ltda""";"""RJ""";"""E+P Films GmbH""";"""Alemanha""";"""Estrangeira""";"""RJ"""
"""193/AIN""";30/10/2014;"""3""";"""Williams""";"""Documentário""";"""08/11/2014 a 15/11/2014""";"""JKR Produções Artísticas Ltda""";"""RJ""";"""Minnow""";"""Reino Unido""";"""Estrangeira""";"""SP/DF"""
"""194/AIN""";31/10/2014;"""58""";"""Babysitting 2""";"""Ficção""";"""10/10/2014 a 30/03/2015""";"""A. F. Cinema de Vídeo Ltda""";"""SP""";"""Axel Films""";"""França""";"""Estrangeira""";"""BA/RJ"""
"""195/AIN""";03/11/2014;"""3""";"""“One Planet (Jungles episode) Part 2”""";"""Documentário""";"""24/11/2014 a16/12/2014""";"""Neon Rio Ltda""";"""RJ""";"""British Broadcasting Corporation""";"""Reino Unido""";"""Estrangeira""";"""SP"""
"""196/AIN""";04/11/2014;"""2""";"""How Did I Get Here Anyway""";"""Documentário""";"""10/12/2014 a 17/12/2014""";"""Gato Preto Filmes""";"""SP""";"""Corporation of the presiding Bishop of the church of Jesus Christ of latter-day saints""";"""EUA""";"""Estrangeira""";"""RJ"""
"""197/AIN""";05/11/2014;"""1""";"""Campanha Leroy Merlin 2015""";"""Publicitária""";"""26/11/2014 a 02/12/2014""";"""Conspiração Filmes S/A""";"""RJ""";""" -""";""" -""";"""Brasileira""";"""SP"""
"""198/AIN""";06/11/2014;"""1""";"""Port Sudeste 2014""";"""Documentário""";"""16/11/2014 a 20/11/2014""";"""Story Produções Ltda. ME""";"""SP""";"""World Television Ltd""";"""Reino Unido""";"""Estrangeira""";"""RJ"""
"""199/AIN""";10/11/2014;"""30""";"""If cats disappered from the world""";"""Ficção""";"""21/11/2014 a 22/11/2014""";"""MOVI & ART PRODUÇÕES CINEMATOGRÁFICAS LTDA""";"""SP""";"""Dragonfly Entertainment Inc""";"""Japão""";"""Estrangeira""";"""PR"""
"""200/AIN""";10/11/2014;"""2""";"""Os mistérios da Amazônia""";"""Documentário""";"""15/11/2014 a 10/12/2014""";"""Urutau Filmes Ltda""";"""SP""";"""NHK - Nippon Hoso Kyokai""";"""Japão""";"""Estrangeira""";"""AM"""
"""201/AIN""";10/11/2014;"""1""";"""Santo Antônio e Porto Velho""";"""Institucional""";"""16/11/2014 a 23/11/2014""";"""Mango Films Brasil Ltda""";"""SP""";"""Glenn Blackburn""";"""Reino Unido""";"""Estrangeira""";"""RO/SC"""
"""202/AIN""";10/11/2014;"""3""";"""Child in the Wild""";"""Documentário""";"""02/12/2014 a 16/12/2014""";"""Aura Filme Produções Ltda""";"""RJ""";"""FL Concepts""";"""França""";"""Estrangeira""";"""MS"""
"""203/AIN""";11/11/2014;"""2""";"""Atlantic part 2""";"""Documentário""";"""10/01/2015 a 23/01/2015""";"""Neon Rio Ltda""";"""RJ""";"""BBC Natural History Unit""";"""Reino Unido""";"""Estrangeira""";"""PE"""
"""204/AIN""";12/11/2014;"""1""";"""Adoção""";"""Publicitária""";"""02/12/2014 a 22/12/2014""";"""Paranoid Brasil Ltda""";"""SP""";""" -""";""" -""";"""Brasileira""";"""SP"""
"""205/AIN""";12/11/2014;"""5""";"""T.Rowe Price""";"""Publicitária""";"""23/01/2014 a 31/01/2014""";"""Domo Produções Ltda""";"""SP""";"""Chelsea Pictures Ltda""";"""EUA""";"""Estrangeira""";"""RJ"""
"""206/AIN""";14/11/2014;"""19""";"""Internet.ORG""";"""Documentário""";"""25/11/2014 a 08/12/2014""";"""Ricardo Gonçalves Produções Cinematográficas""";"""SP""";"""Vagabond Films""";"""EUA""";"""Estrangeira""";"""SP"""
"""207/AIN""";14/11/2014;"""4""";"""Holiday stars, germans around the world""";"""Documentário""";"""23/11/2014 a 29/11/2014""";"""Aura Filme Produções Ltda""";"""RJ""";"""Endemol Deutschland GmbH""";"""Alemanha""";"""Estrangeira""";"""RJ"""
"""208/AIN""";14/11/2014;"""13""";"""2014 Korean Song Festival in Brazil""";"""Documentário""";"""27/11/2014 a 02/12/2014""";"""Aura Filme Produções Ltda""";"""RJ""";"""Global Korean Network""";"""Coréia do Sul""";"""Estrangeira""";"""SP"""
"""209/AIN""";17/11/2014;"""3""";"""Skype""";"""Publicitária""";"""10/12/2014 a 31/12/2014""";"""Ocean Produção de Filmes Ltda""";"""SC""";"""Station Film""";"""EUA""";"""Estrangeira""";"""RJ"""
"""210/AIN""";24/11/2014;"""3""";"""O Boto - o golfinho de água doce""";"""Documentário""";"""29/11/2014 a 11/12/2014""";"""Aura Filme Produções Ltda""";"""RJ""";"""Bayerischer Rundfunk""";"""Alemanha""";"""Estrangeira""";"""AM"""
"""211/AIN""";24/11/2014;"""1""";"""Tegenlicht""";"""Documentário""";"""25/11/2014 a 30/11/2014""";"""Aura Filme Produções Ltda""";"""RJ""";"""VPRO""";"""Holanda""";"""Estrangeira""";"""SP"""
"""212/AIN""";25/11/2014;"""3""";"""Fishing Adventurer""";"""Documentário""";"""24/01/2015 a 02/02/2015""";"""Amazon Film Productions""";"""AM""";"""Fishing Adventurer Productions 5 Inc""";"""Canadá""";"""Estrangeira""";"""AM"""
"""213/AIN""";25/11/2014;"""1""";"""Chibata""";"""Drama""";"""15/12/2014 a 20/12/2014""";"""Fibra Eletrônica Ind.com.ltda - Fibra Cine Video""";"""RJ""";""" -""";""" -""";"""Brasileira""";"""RJ"""
"""214/AIN""";25/11/2014;"""2""";"""Coca-Cola mini garrafinhas""";"""Publicitária""";"""28/11/2014 a 14/12/2014""";"""Ocean Produção de Filmes Ltda""";"""SC""";"""The Lover""";"""Espanha""";"""Estrangeira""";"""RJ"""
"""215/AIN""";27/11/2014;"""4""";"""A week with Alain the Botton""";"""Documentário""";"""06/11/2014 a 15/12/2014""";"""PERIN FILMES LTDA""";"""AM""";"""VPRO""";"""Holanda""";"""Estrangeira""";"""DF"""
"""216/AIN""";27/11/2014;"""1""";"""Great Nature: Mistério do Rio Negro""";"""Documentário""";"""08 de dezembro a 28 de fevereiro de 2015""";"""Town Network Filmagens Ltda""";"""SP""";"""AZMAX CO. LTD""";"""Japão""";"""Estrangeira""";"""AM"""
"""218/AIN""";27/11/2014;"""4""";"""Sekai no hikyo ni totsuida nihonjin tsuma""";"""Documentário""";"""12/12/2014 a 22/12/2014""";"""Xes Projetos Visuais Ltda""";"""SP""";"""Grinta INC.""";"""Japão""";"""Estrangeira""";"""CE"""
"""219/AIN""";03/12/2014;"""1""";"""”Journey to the Snake Island” """;"""Documentário""";"""07/12/2014 a 15/12/2014""";"""Neon Rio Ltda""";"""RJ""";"""Tent City Productions, LLC""";"""EUA""";"""Estrangeira""";"""SP"""
"""220/AIN""";04/12/2014;"""4""";"""CHIKYU ICHIBAN - OS PANTANEIROS """;"""Documentário""";"""15/12/2014 a 13/01/2015""";"""BDT PLANEJAMENTO E COMUNICAÇÃO LTDA""";"""SP""";"""NHK - NIPPON HOSO KYOKAI""";"""Japão""";"""Estrangeira""";"""SP/MS"""
"""221/AIN""";05/12/2014;"""1""";"""Police 24hs""";"""Documentário""";"""10/12/2014 a 25/12/2014""";"""Alfixit Produções Culturais e Artísticas Ltda""";"""SP""";"""Taiga Productions Co., Ltd""";"""Japão""";"""Estrangeira""";"""SP"""
"""222/AIN""";05/12/2014;"""4""";"""Airbnb""";"""Publicitária""";"""05/01 a 05/02/2015""";"""Zohar Cinema e Comunicação Ltda""";"""RJ""";"""Reset""";"""EUA""";"""Estrangeira""";"""RJ"""
"""223/AIN""";05/12/2014;"""3""";"""Un Train Pas comme des autres """;"""Documentário""";"""03/01/2015 a 21/01/2015 """;"""Neon Rio Ltda""";"""RJ""";"""STEP BY STEP Productions""";"""França""";"""Estrangeira""";"""RS"""
"""224/AIN""";08/12/2014;"""3""";"""Fishing Adventurer""";"""Documentário""";"""24/01/2015 a 02/02/2015""";"""Amazon Film Productions""";"""AM""";"""Fishing Adventurer Productions 5 Inc""";"""Canadá""";"""Estrangeira""";"""AM"""
"""225/AIN""";08/12/2014;"""2""";"""Dear Summer""";"""Publicitária""";"""15/01 a 30/01/2015""";"""Ocean Produção de Filmes Ltda""";"""SC""";"""Partizan""";"""EUA""";"""Estrangeira""";"""RJ"""
"""226/AIN""";09/12/2014;"""1""";"""Great Nature: Mistério do Rio Negro""";"""Documentário""";"""10/01/2015 a 28/02/2015""";"""Town Network Filmagens Ltda""";"""SP""";"""AZMAX CO. LTD""";"""Japão""";"""Estrangeira""";"""AM"""
"""227/AIN""";09/12/2014;"""3""";"""Mulheres Empreendedoras - Coca-Cola""";"""Institucional""";"""04/01/2015 a 17/01/2015""";"""Mango Films Brasil Ltda""";"""SP""";"""Marmalade Films and Media""";"""Reino Unido""";"""Estrangeira""";"""SP"""
"""228/AIN""";10/12/2014;"""14""";"""Verrückt nach Meer 5""";"""Documentário""";"""19/01/2015 a 25/01/2015""";"""Sol Entertainment Ltda""";"""RJ""";"""Bewegte Zeiten""";"""Alemanha""";"""Estrangeira""";"""RJ"""
"""229/AIN""";10/12/2014;"""4""";"""Airbnb""";"""Publicitária""";"""05/01 a 05/02/2015""";"""Zohar Cinema e Comunicação Ltda""";"""RJ""";"""Reset""";"""EUA""";"""Estrangeira""";"""RJ"""
"""230/AIN""";10/12/2014;"""12""";"""Journey to the Snake Island Part 2""";"""Documentário""";"""12/01/2015 a 12/04/2015""";"""Neon Rio Ltda""";"""RJ""";"""Tent City Productions, LLC""";"""EUA""";"""Estrangeira""";"""SP"""
"""231/AIN""";10/12/2014;"""1""";"""Journey to the Snake Island Part 2""";"""Documentário""";"""12/01/2015 a 12/04/2015""";"""Neon Rio Ltda""";"""RJ""";"""Tent City Productions, LLC""";"""EUA""";"""Estrangeira""";"""SP"""
"""232/AIN""";11/12/2014;"""1""";"""Dill say, Dill tak""";"""Ficção""";"""10/01/2015 a 10/07/2015""";"""Red Line Filmes""";"""RJ""";"""Diamond World Productions""";"""Paquistão""";"""Estrangeira""";"""RJ"""
"""233/AIN""";11/12/2014;"""1""";"""Renault Fluence """;"""Publicitária""";"""15/12/2014 a 06/01/2015""";"""Zohar Cinema e Comunicação Ltda""";"""RJ""";""" -""";""" -""";"""Brasileira""";"""RJ/SP"""
"""234/AIN""";22/12/2014;"""56""";"""Les Anges de la télé-réalité""";"""Reality Show""";"""05/01/2015 a 17/03/2015""";"""Sol Entertainment Ltda""";"""RJ""";"""La Grosse Equipe""";"""França""";"""Estrangeira""";"""RJ/AM"""
"""235/AIN""";17/12/2014;"""2""";"""Sky Secret Agent""";"""Publicitária""";"""05/01/2015 a 05/02/2015""";"""O2 Filmes Publicitários Ltda""";"""SP""";""" -""";""" -""";"""Brasileira""";"""SP"""
"""236/AIN""";17/12/2014;"""4""";"""Somewhere Street""";"""Documentário""";"""25/01/2015 a 20/03/2015""";"""Sango Productions Ltda""";"""SP""";"""Atelier Noa Co., Ltda""";"""Japão""";"""Estrangeira""";"""SP"""
"""237/AIN""";19/12/2014;"""3""";"""Travels off the beaten path""";"""Documentário""";"""24/02/2015 a 10/03/2015""";"""Utopia Films Produção Artística Ltda""";"""RJ""";"""Ocean Television""";"""Canadá""";"""Estrangeira""";"""MG/RJ"""
"""238/AIN""";23/12/2014;"""2""";"""Audi AG""";"""Institucional""";"""11/01/2015 a 17/01/2015""";"""Sol Entertainment Ltda""";"""RJ""";"""Random Squares""";"""Alemanha""";"""Estrangeira""";"""PA"""
;;;;;;;;;;;
"""Fonte: Assessoria Internacional - AIN.""";;;;;;;;;;;
